-- Here the fantallenatori are added
INSERT INTO fantallenatore(id,nome,nickname) VALUES (42001,'Zuccaa','The Zucca42');
INSERT INTO fantallenatore(id,nome,nickname) VALUES (42002,'Carletto','AnCIAOlotti');
INSERT INTO fantallenatore(id,nome,nickname) VALUES (42003,'Teo','Paolo');
INSERT INTO fantallenatore(id,nome,nickname) VALUES (42004,'Andrea','Badweedo');
INSERT INTO fantallenatore(id,nome,nickname) VALUES (42005,'Giampaolo','Il maestro');
INSERT INTO fantallenatore(id,nome,nickname) VALUES (42006,'Uno qualunque','Random team');
-- Here the fantasquadre are added
INSERT INTO fantasquadra(id,nome, fantallenatore_id) VALUES (42007, 'Squadra materasso', 42002);
INSERT INTO fantasquadra(id,nome, fantallenatore_id) VALUES (42008, 'Liverpaol', 42003);
INSERT INTO fantasquadra(id,nome, fantallenatore_id) VALUES (42009, 'Squadra tmp', 42004);
INSERT INTO fantasquadra(id,nome, fantallenatore_id) VALUES (42010, 'Altra squadra random', 42005);
-- Here the partite are added
INSERT INTO partita(fantasquadra_id1, fantasquadra_id2, gol_squadra_1, gol_squadra_2) VALUES (42008, 42007, 3, 0);
INSERT INTO partita(fantasquadra_id1, fantasquadra_id2, gol_squadra_1, gol_squadra_2) VALUES (42010, 42008, 2, 4);
INSERT INTO partita(fantasquadra_id1, fantasquadra_id2, gol_squadra_1, gol_squadra_2) VALUES (42008, 42010, 1, 1);
-- Here the calciatori are added
INSERT INTO Calciatore(Id,Squadra,Nome,Ruolo) VALUES (3,'Verona','RADUNOVIC','P');
INSERT INTO Calciatore(Id,Squadra,Nome,Ruolo) VALUES (4,'Atalanta','SPORTIELLO','P');
INSERT INTO Calciatore(Id,Squadra,Nome,Ruolo) VALUES (5,'Verona','ALMICI','D');
INSERT INTO Calciatore(Id,Squadra,Nome,Ruolo) VALUES (11,'Milan','CONTI','D');
INSERT INTO Calciatore(Id,Squadra,Nome,Ruolo) VALUES (15,'Atalanta','MASIELLO A','D');
INSERT INTO Calciatore(Id,Squadra,Nome,Ruolo) VALUES (20,'Cagliari','CIGARINI','C');
INSERT INTO Calciatore(Id,Squadra,Nome,Ruolo) VALUES (21,'SPAL','D''ALESSANDRO','C');
INSERT INTO Calciatore(Id,Squadra,Nome,Ruolo) VALUES (22,'Atalanta','DE ROON','C');
INSERT INTO Calciatore(Id,Squadra,Nome,Ruolo) VALUES (26,'Atalanta','GOMEZ A','C');
INSERT INTO Calciatore(Id,Squadra,Nome,Ruolo) VALUES (27,'Parma','GRASSI','C');
INSERT INTO Calciatore(Id,Squadra,Nome,Ruolo) VALUES (28,'SPAL','KURTIC','C');
INSERT INTO Calciatore(Id,Squadra,Nome,Ruolo) VALUES (40,'Bologna','DA COSTA','P');
INSERT INTO Calciatore(Id,Squadra,Nome,Ruolo) VALUES (41,'Roma','MIRANTE','P');
INSERT INTO Calciatore(Id,Squadra,Nome,Ruolo) VALUES (42,'Bologna','SARR M','P');
INSERT INTO Calciatore(Id,Squadra,Nome,Ruolo) VALUES (45,'Sampdoria','FERRARI A','D');
INSERT INTO Calciatore(Id,Squadra,Nome,Ruolo) VALUES (47,'Brescia','GASTALDELLO','D');
INSERT INTO Calciatore(Id,Squadra,Nome,Ruolo) VALUES (50,'Bologna','MBAYE','D');
INSERT INTO Calciatore(Id,Squadra,Nome,Ruolo) VALUES (54,'Lecce','ROSSETTINI','D');
INSERT INTO Calciatore(Id,Squadra,Nome,Ruolo) VALUES (57,'Bologna','CRISETIG','C');
INSERT INTO Calciatore(Id,Squadra,Nome,Ruolo) VALUES (58,'Roma','DIAWARA','C');
INSERT INTO Calciatore(Id,Squadra,Nome,Ruolo) VALUES (60,'Bologna','RIZZO','C');
INSERT INTO Calciatore(Id,Squadra,Nome,Ruolo) VALUES (65,'Lecce','MANCOSU','C');
INSERT INTO Calciatore(Id,Squadra,Nome,Ruolo) VALUES (73,'Parma','GAGLIOLO','D');
INSERT INTO Calciatore(Id,Squadra,Nome,Ruolo) VALUES (81,'Verona','DI GAUDIO','C');
INSERT INTO Calciatore(Id,Squadra,Nome,Ruolo) VALUES (84,'Verona','MARRONE','D');
INSERT INTO Calciatore(Id,Squadra,Nome,Ruolo) VALUES (90,'Udinese','LASAGNA','A');
INSERT INTO Calciatore(Id,Squadra,Nome,Ruolo) VALUES (92,'Udinese','MATOS','A');
INSERT INTO Calciatore(Id,Squadra,Nome,Ruolo) VALUES (97,'Sampdoria','SECULIN','P');
INSERT INTO Calciatore(Id,Squadra,Nome,Ruolo) VALUES (99,'Cagliari','CACCIATORE','D');
INSERT INTO Calciatore(Id,Squadra,Nome,Ruolo) VALUES (106,'Cagliari','MATTIELLO','D');
INSERT INTO Calciatore(Id,Squadra,Nome,Ruolo) VALUES (111,'Cagliari','BIRSA','C');
INSERT INTO Calciatore(Id,Squadra,Nome,Ruolo) VALUES (112,'Cagliari','CASTRO','C');
INSERT INTO Calciatore(Id,Squadra,Nome,Ruolo) VALUES (118,'Genoa','RADOVANOVIC','C');
INSERT INTO Calciatore(Id,Squadra,Nome,Ruolo) VALUES (123,'Parma','INGLESE','A');
INSERT INTO Calciatore(Id,Squadra,Nome,Ruolo) VALUES (126,'SPAL','PALOSCHI','A');
INSERT INTO Calciatore(Id,Squadra,Nome,Ruolo) VALUES (133,'Bologna','SKORUPSKI','P');
INSERT INTO Calciatore(Id,Squadra,Nome,Ruolo) VALUES (139,'Parma','DERMAKU','D');
INSERT INTO Calciatore(Id,Squadra,Nome,Ruolo) VALUES (140,'Napoli','HYSAJ','D');
INSERT INTO Calciatore(Id,Squadra,Nome,Ruolo) VALUES (141,'Parma','LAURINI','D');
INSERT INTO Calciatore(Id,Squadra,Nome,Ruolo) VALUES (142,'Napoli','MARIO RUI','D');
INSERT INTO Calciatore(Id,Squadra,Nome,Ruolo) VALUES (144,'Napoli','TONELLI','D');
INSERT INTO Calciatore(Id,Squadra,Nome,Ruolo) VALUES (148,'Milan','KRUNIC','C');
INSERT INTO Calciatore(Id,Squadra,Nome,Ruolo) VALUES (150,'Genoa','SAPONARA','C');
INSERT INTO Calciatore(Id,Squadra,Nome,Ruolo) VALUES (152,'Napoli','ZIELINSKI','C');
INSERT INTO Calciatore(Id,Squadra,Nome,Ruolo) VALUES (159,'Parma','SEPE','P');
INSERT INTO Calciatore(Id,Squadra,Nome,Ruolo) VALUES (169,'SPAL','TOMOVIC','D');
INSERT INTO Calciatore(Id,Squadra,Nome,Ruolo) VALUES (170,'Fiorentina','BADELJ','C');
INSERT INTO Calciatore(Id,Squadra,Nome,Ruolo) VALUES (172,'Inter','BORJA VALERO','C');
INSERT INTO Calciatore(Id,Squadra,Nome,Ruolo) VALUES (173,'Sampdoria','CAPEZZI','C');
INSERT INTO Calciatore(Id,Squadra,Nome,Ruolo) VALUES (177,'Atalanta','ILICIC','A');
INSERT INTO Calciatore(Id,Squadra,Nome,Ruolo) VALUES (179,'Lecce','PETRICCIONE','C');
INSERT INTO Calciatore(Id,Squadra,Nome,Ruolo) VALUES (181,'Inter','VECINO','C');
INSERT INTO Calciatore(Id,Squadra,Nome,Ruolo) VALUES (183,'Lecce','BABACAR','A');
INSERT INTO Calciatore(Id,Squadra,Nome,Ruolo) VALUES (184,'Juventus','BERNARDESCHI','C');
INSERT INTO Calciatore(Id,Squadra,Nome,Ruolo) VALUES (186,'Milan','REBIC','A');
INSERT INTO Calciatore(Id,Squadra,Nome,Ruolo) VALUES (216,'Milan','DONNARUMMA AN','P');
INSERT INTO Calciatore(Id,Squadra,Nome,Ruolo) VALUES (218,'Juventus','PERIN','P');
INSERT INTO Calciatore(Id,Squadra,Nome,Ruolo) VALUES (220,'Torino','UJKANI','P');
INSERT INTO Calciatore(Id,Squadra,Nome,Ruolo) VALUES (224,'Udinese','DE MAIO','D');
INSERT INTO Calciatore(Id,Squadra,Nome,Ruolo) VALUES (226,'Torino','IZZO','D');
INSERT INTO Calciatore(Id,Squadra,Nome,Ruolo) VALUES (234,'Parma','KUCKA','C');
INSERT INTO Calciatore(Id,Squadra,Nome,Ruolo) VALUES (235,'Torino','LAXALT','C');
INSERT INTO Calciatore(Id,Squadra,Nome,Ruolo) VALUES (236,'Verona','LAZOVIC','C');
INSERT INTO Calciatore(Id,Squadra,Nome,Ruolo) VALUES (237,'Roma','PEROTTI','C');
INSERT INTO Calciatore(Id,Squadra,Nome,Ruolo) VALUES (238,'Torino','RINCON','C');
INSERT INTO Calciatore(Id,Squadra,Nome,Ruolo) VALUES (241,'Lecce','TACHTSIDIS','C');
INSERT INTO Calciatore(Id,Squadra,Nome,Ruolo) VALUES (244,'Genoa','GHIGLIONE','D');
INSERT INTO Calciatore(Id,Squadra,Nome,Ruolo) VALUES (245,'Genoa','PANDEV','A');
INSERT INTO Calciatore(Id,Squadra,Nome,Ruolo) VALUES (247,'Cagliari','PAVOLETTI','A');
INSERT INTO Calciatore(Id,Squadra,Nome,Ruolo) VALUES (248,'Inter','BERNI','P');
INSERT INTO Calciatore(Id,Squadra,Nome,Ruolo) VALUES (250,'Inter','HANDANOVIC','P');
INSERT INTO Calciatore(Id,Squadra,Nome,Ruolo) VALUES (252,'Inter','BIRAGHI','D');
INSERT INTO Calciatore(Id,Squadra,Nome,Ruolo) VALUES (253,'Inter','D''AMBROSIO','D');
INSERT INTO Calciatore(Id,Squadra,Nome,Ruolo) VALUES (254,'Inter','DIMARCO','D');
INSERT INTO Calciatore(Id,Squadra,Nome,Ruolo) VALUES (256,'Roma','JUAN JESUS','D');
INSERT INTO Calciatore(Id,Squadra,Nome,Ruolo) VALUES (259,'Sampdoria','MURILLO','D');
INSERT INTO Calciatore(Id,Squadra,Nome,Ruolo) VALUES (261,'Inter','RANOCCHIA','D');
INSERT INTO Calciatore(Id,Squadra,Nome,Ruolo) VALUES (262,'Roma','SANTON','D');
INSERT INTO Calciatore(Id,Squadra,Nome,Ruolo) VALUES (264,'Verona','BESSA','C');
INSERT INTO Calciatore(Id,Squadra,Nome,Ruolo) VALUES (265,'Inter','BROZOVIC','C');
INSERT INTO Calciatore(Id,Squadra,Nome,Ruolo) VALUES (272,'Bologna','MEDEL','C');
INSERT INTO Calciatore(Id,Squadra,Nome,Ruolo) VALUES (277,'Inter','ICARDI','A');
INSERT INTO Calciatore(Id,Squadra,Nome,Ruolo) VALUES (280,'Bologna','PALACIO','A');
INSERT INTO Calciatore(Id,Squadra,Nome,Ruolo) VALUES (281,'Inter','PUSCAS','A');
INSERT INTO Calciatore(Id,Squadra,Nome,Ruolo) VALUES (282,'Juventus','BUFFON','P');
INSERT INTO Calciatore(Id,Squadra,Nome,Ruolo) VALUES (286,'Juventus','BONUCCI','D');
INSERT INTO Calciatore(Id,Squadra,Nome,Ruolo) VALUES (287,'Fiorentina','CACERES','D');
INSERT INTO Calciatore(Id,Squadra,Nome,Ruolo) VALUES (288,'Juventus','CHIELLINI','D');
INSERT INTO Calciatore(Id,Squadra,Nome,Ruolo) VALUES (294,'Juventus','RUGANI','D');
INSERT INTO Calciatore(Id,Squadra,Nome,Ruolo) VALUES (295,'Inter','ASAMOAH','D');
INSERT INTO Calciatore(Id,Squadra,Nome,Ruolo) VALUES (299,'Juventus','KHEDIRA','C');
INSERT INTO Calciatore(Id,Squadra,Nome,Ruolo) VALUES (305,'Genoa','STURARO','C');
INSERT INTO Calciatore(Id,Squadra,Nome,Ruolo) VALUES (306,'Cagliari','CERRI','A');
INSERT INTO Calciatore(Id,Squadra,Nome,Ruolo) VALUES (309,'Juventus','DYBALA','A');
INSERT INTO Calciatore(Id,Squadra,Nome,Ruolo) VALUES (311,'Napoli','LLORENTE','A');
INSERT INTO Calciatore(Id,Squadra,Nome,Ruolo) VALUES (312,'Juventus','MANDZUKIC','A');
INSERT INTO Calciatore(Id,Squadra,Nome,Ruolo) VALUES (315,'Torino','ZAZA','A');
INSERT INTO Calciatore(Id,Squadra,Nome,Ruolo) VALUES (316,'SPAL','BERISHA E','P');
INSERT INTO Calciatore(Id,Squadra,Nome,Ruolo) VALUES (317,'Lazio','GUERRIERI','P');
INSERT INTO Calciatore(Id,Squadra,Nome,Ruolo) VALUES (318,'Genoa','MARCHETTI','P');
INSERT INTO Calciatore(Id,Squadra,Nome,Ruolo) VALUES (322,'Inter','DE VRIJ','D');
INSERT INTO Calciatore(Id,Squadra,Nome,Ruolo) VALUES (327,'Lazio','PATRIC','D');
INSERT INTO Calciatore(Id,Squadra,Nome,Ruolo) VALUES (329,'Lazio','RADU','D');
INSERT INTO Calciatore(Id,Squadra,Nome,Ruolo) VALUES (331,'Milan','BIGLIA','C');
INSERT INTO Calciatore(Id,Squadra,Nome,Ruolo) VALUES (332,'Inter','CANDREVA','C');
INSERT INTO Calciatore(Id,Squadra,Nome,Ruolo) VALUES (333,'Lazio','CATALDI','C');
INSERT INTO Calciatore(Id,Squadra,Nome,Ruolo) VALUES (338,'Lazio','LULIC','C');
INSERT INTO Calciatore(Id,Squadra,Nome,Ruolo) VALUES (342,'Lazio','PAROLO','C');
INSERT INTO Calciatore(Id,Squadra,Nome,Ruolo) VALUES (350,'Milan','DONNARUMMA G','P');
INSERT INTO Calciatore(Id,Squadra,Nome,Ruolo) VALUES (357,'Milan','CALABRIA','D');
INSERT INTO Calciatore(Id,Squadra,Nome,Ruolo) VALUES (358,'Juventus','DE SCIGLIO','D');
INSERT INTO Calciatore(Id,Squadra,Nome,Ruolo) VALUES (365,'Genoa','ZAPATA C','D');
INSERT INTO Calciatore(Id,Squadra,Nome,Ruolo) VALUES (366,'Sampdoria','BERTOLACCI','C');
INSERT INTO Calciatore(Id,Squadra,Nome,Ruolo) VALUES (367,'Milan','BONAVENTURA','C');
INSERT INTO Calciatore(Id,Squadra,Nome,Ruolo) VALUES (374,'Bologna','POLI','C');
INSERT INTO Calciatore(Id,Squadra,Nome,Ruolo) VALUES (375,'Milan','SUSO','C');
INSERT INTO Calciatore(Id,Squadra,Nome,Ruolo) VALUES (376,'Torino','VERDI','C');
INSERT INTO Calciatore(Id,Squadra,Nome,Ruolo) VALUES (380,'Brescia','MATRI','A');
INSERT INTO Calciatore(Id,Squadra,Nome,Ruolo) VALUES (383,'SPAL','PETAGNA','A');
INSERT INTO Calciatore(Id,Squadra,Nome,Ruolo) VALUES (385,'Lecce','GABRIEL','P');
INSERT INTO Calciatore(Id,Squadra,Nome,Ruolo) VALUES (386,'Sampdoria','RAFAEL CABRAL','P');
INSERT INTO Calciatore(Id,Squadra,Nome,Ruolo) VALUES (387,'Milan','REINA','P');
INSERT INTO Calciatore(Id,Squadra,Nome,Ruolo) VALUES (390,'Napoli','GHOULAM','D');
INSERT INTO Calciatore(Id,Squadra,Nome,Ruolo) VALUES (392,'Napoli','KOULIBALY','D');
INSERT INTO Calciatore(Id,Squadra,Nome,Ruolo) VALUES (393,'Napoli','LUPERTO','D');
INSERT INTO Calciatore(Id,Squadra,Nome,Ruolo) VALUES (395,'Milan','STRINIC','D');
INSERT INTO Calciatore(Id,Squadra,Nome,Ruolo) VALUES (397,'Napoli','ALLAN','C');
INSERT INTO Calciatore(Id,Squadra,Nome,Ruolo) VALUES (405,'SPAL','VALDIFIORI','C');
INSERT INTO Calciatore(Id,Squadra,Nome,Ruolo) VALUES (406,'Napoli','CALLEJON','C');
INSERT INTO Calciatore(Id,Squadra,Nome,Ruolo) VALUES (407,'Sampdoria','GABBIADINI','A');
INSERT INTO Calciatore(Id,Squadra,Nome,Ruolo) VALUES (408,'Juventus','HIGUAIN','A');
INSERT INTO Calciatore(Id,Squadra,Nome,Ruolo) VALUES (409,'Napoli','INSIGNE','A');
INSERT INTO Calciatore(Id,Squadra,Nome,Ruolo) VALUES (410,'Napoli','MERTENS','A');
INSERT INTO Calciatore(Id,Squadra,Nome,Ruolo) VALUES (412,'Parma','COLOMBI','P');
INSERT INTO Calciatore(Id,Squadra,Nome,Ruolo) VALUES (418,'Genoa','GOLDANIGA','D');
INSERT INTO Calciatore(Id,Squadra,Nome,Ruolo) VALUES (423,'Lecce','RISPOLI','D');
INSERT INTO Calciatore(Id,Squadra,Nome,Ruolo) VALUES (430,'Parma','BRUGMAN','C');
INSERT INTO Calciatore(Id,Squadra,Nome,Ruolo) VALUES (433,'Genoa','HILJEMARK','C');
INSERT INTO Calciatore(Id,Squadra,Nome,Ruolo) VALUES (434,'Udinese','JAJALO','C');
INSERT INTO Calciatore(Id,Squadra,Nome,Ruolo) VALUES (438,'Parma','RIGONI L','C');
INSERT INTO Calciatore(Id,Squadra,Nome,Ruolo) VALUES (441,'Torino','BELOTTI','A');
INSERT INTO Calciatore(Id,Squadra,Nome,Ruolo) VALUES (453,'Juventus','SZCZESNY','P');
INSERT INTO Calciatore(Id,Squadra,Nome,Ruolo) VALUES (454,'Roma','CAPRADOSSI','D');
INSERT INTO Calciatore(Id,Squadra,Nome,Ruolo) VALUES (457,'Verona','CRESCENZI','D');
INSERT INTO Calciatore(Id,Squadra,Nome,Ruolo) VALUES (459,'Napoli','MANOLAS','D');
INSERT INTO Calciatore(Id,Squadra,Nome,Ruolo) VALUES (460,'Milan','ROMAGNOLI A','D');
INSERT INTO Calciatore(Id,Squadra,Nome,Ruolo) VALUES (464,'Roma','FLORENZI','D');
INSERT INTO Calciatore(Id,Squadra,Nome,Ruolo) VALUES (467,'Cagliari','NAINGGOLAN','C');
INSERT INTO Calciatore(Id,Squadra,Nome,Ruolo) VALUES (469,'Juventus','PJANIC','C');
INSERT INTO Calciatore(Id,Squadra,Nome,Ruolo) VALUES (472,'Bologna','DESTRO','A');
INSERT INTO Calciatore(Id,Squadra,Nome,Ruolo) VALUES (474,'Parma','GERVINHO','A');
INSERT INTO Calciatore(Id,Squadra,Nome,Ruolo) VALUES (475,'Torino','IAGO FALQUE','A');
INSERT INTO Calciatore(Id,Squadra,Nome,Ruolo) VALUES (479,'Genoa','SANABRIA','A');
INSERT INTO Calciatore(Id,Squadra,Nome,Ruolo) VALUES (487,'Torino','DE SILVESTRI','D');
INSERT INTO Calciatore(Id,Squadra,Nome,Ruolo) VALUES (490,'Sampdoria','REGINI','D');
INSERT INTO Calciatore(Id,Squadra,Nome,Ruolo) VALUES (491,'SPAL','SALAMON','D');
INSERT INTO Calciatore(Id,Squadra,Nome,Ruolo) VALUES (493,'Genoa','ZUKANOVIC','D');
INSERT INTO Calciatore(Id,Squadra,Nome,Ruolo) VALUES (494,'Sampdoria','BARRETO','C');
INSERT INTO Calciatore(Id,Squadra,Nome,Ruolo) VALUES (495,'Lazio','CORREA','A');
INSERT INTO Calciatore(Id,Squadra,Nome,Ruolo) VALUES (505,'Sampdoria','BONAZZOLI','A');
INSERT INTO Calciatore(Id,Squadra,Nome,Ruolo) VALUES (507,'Atalanta','MURIEL','A');
INSERT INTO Calciatore(Id,Squadra,Nome,Ruolo) VALUES (509,'Sassuolo','CONSIGLI','P');
INSERT INTO Calciatore(Id,Squadra,Nome,Ruolo) VALUES (510,'Sassuolo','PEGOLO','P');
INSERT INTO Calciatore(Id,Squadra,Nome,Ruolo) VALUES (513,'Lazio','ACERBI','D');
INSERT INTO Calciatore(Id,Squadra,Nome,Ruolo) VALUES (517,'Lecce','DELL''ORCO','D');
INSERT INTO Calciatore(Id,Squadra,Nome,Ruolo) VALUES (519,'Parma','GAZZOLA','D');
INSERT INTO Calciatore(Id,Squadra,Nome,Ruolo) VALUES (521,'Sassuolo','PELUSO','D');
INSERT INTO Calciatore(Id,Squadra,Nome,Ruolo) VALUES (526,'Sassuolo','DUNCAN','C');
INSERT INTO Calciatore(Id,Squadra,Nome,Ruolo) VALUES (528,'Sassuolo','MAGNANELLI','C');
INSERT INTO Calciatore(Id,Squadra,Nome,Ruolo) VALUES (529,'SPAL','MISSIROLI','C');
INSERT INTO Calciatore(Id,Squadra,Nome,Ruolo) VALUES (530,'Roma','PELLEGRINI LO','C');
INSERT INTO Calciatore(Id,Squadra,Nome,Ruolo) VALUES (531,'Sassuolo','BERARDI','A');
INSERT INTO Calciatore(Id,Squadra,Nome,Ruolo) VALUES (532,'Bologna','FALCINELLI','A');
INSERT INTO Calciatore(Id,Squadra,Nome,Ruolo) VALUES (533,'SPAL','FLOCCARI','A');
INSERT INTO Calciatore(Id,Squadra,Nome,Ruolo) VALUES (536,'Inter','POLITANO','A');
INSERT INTO Calciatore(Id,Squadra,Nome,Ruolo) VALUES (537,'Bologna','SANSONE N','A');
INSERT INTO Calciatore(Id,Squadra,Nome,Ruolo) VALUES (540,'SPAL','GOMIS A','P');
INSERT INTO Calciatore(Id,Squadra,Nome,Ruolo) VALUES (543,'Inter','PADELLI','P');
INSERT INTO Calciatore(Id,Squadra,Nome,Ruolo) VALUES (550,'Napoli','MAKSIMOVIC','D');
INSERT INTO Calciatore(Id,Squadra,Nome,Ruolo) VALUES (554,'Roma','ZAPPACOSTA','D');
INSERT INTO Calciatore(Id,Squadra,Nome,Ruolo) VALUES (556,'Torino','BASELLI','C');
INSERT INTO Calciatore(Id,Squadra,Nome,Ruolo) VALUES (557,'Fiorentina','BENASSI','C');
INSERT INTO Calciatore(Id,Squadra,Nome,Ruolo) VALUES (568,'Sampdoria','QUAGLIARELLA','A');
INSERT INTO Calciatore(Id,Squadra,Nome,Ruolo) VALUES (570,'Napoli','KARNEZIS','P');
INSERT INTO Calciatore(Id,Squadra,Nome,Ruolo) VALUES (572,'Napoli','MERET','P');
INSERT INTO Calciatore(Id,Squadra,Nome,Ruolo) VALUES (574,'Udinese','SCUFFET','P');
INSERT INTO Calciatore(Id,Squadra,Nome,Ruolo) VALUES (578,'Bologna','DANILO LAR','D');
INSERT INTO Calciatore(Id,Squadra,Nome,Ruolo) VALUES (581,'Verona','FARAONI','D');
INSERT INTO Calciatore(Id,Squadra,Nome,Ruolo) VALUES (589,'Verona','BADU','C');
INSERT INTO Calciatore(Id,Squadra,Nome,Ruolo) VALUES (600,'Verona','VERRE','C');
INSERT INTO Calciatore(Id,Squadra,Nome,Ruolo) VALUES (605,'Udinese','PERICA','A');
INSERT INTO Calciatore(Id,Squadra,Nome,Ruolo) VALUES (606,'Fiorentina','THEREAU','A');
INSERT INTO Calciatore(Id,Squadra,Nome,Ruolo) VALUES (608,'Atalanta','ZAPATA D','A');
INSERT INTO Calciatore(Id,Squadra,Nome,Ruolo) VALUES (610,'Atalanta','GOLLINI','P');
INSERT INTO Calciatore(Id,Squadra,Nome,Ruolo) VALUES (611,'Cagliari','RAFAEL','P');
INSERT INTO Calciatore(Id,Squadra,Nome,Ruolo) VALUES (621,'Brescia','ROMULO','C');
INSERT INTO Calciatore(Id,Squadra,Nome,Ruolo) VALUES (627,'Cagliari','IONITA','C');
INSERT INTO Calciatore(Id,Squadra,Nome,Ruolo) VALUES (630,'SPAL','SALA','D');
INSERT INTO Calciatore(Id,Squadra,Nome,Ruolo) VALUES (631,'SPAL','VIVIANI','C');
INSERT INTO Calciatore(Id,Squadra,Nome,Ruolo) VALUES (632,'Verona','ZACCAGNI','C');
INSERT INTO Calciatore(Id,Squadra,Nome,Ruolo) VALUES (633,'SPAL','FARES','C');
INSERT INTO Calciatore(Id,Squadra,Nome,Ruolo) VALUES (636,'Verona','PAZZINI','A');
INSERT INTO Calciatore(Id,Squadra,Nome,Ruolo) VALUES (637,'Parma','SILIGARDI','A');
INSERT INTO Calciatore(Id,Squadra,Nome,Ruolo) VALUES (640,'Sassuolo','CHIRICHES','D');
INSERT INTO Calciatore(Id,Squadra,Nome,Ruolo) VALUES (643,'Sassuolo','DEFREL','A');
INSERT INTO Calciatore(Id,Squadra,Nome,Ruolo) VALUES (644,'Fiorentina','PULGAR','C');
INSERT INTO Calciatore(Id,Squadra,Nome,Ruolo) VALUES (645,'Lazio','MILINKOVIC-SAVIC','C');
INSERT INTO Calciatore(Id,Squadra,Nome,Ruolo) VALUES (647,'Roma','DZEKO','A');
INSERT INTO Calciatore(Id,Squadra,Nome,Ruolo) VALUES (652,'Roma','KALINIC','A');
INSERT INTO Calciatore(Id,Squadra,Nome,Ruolo) VALUES (654,'Parma','ALASTRA','P');
INSERT INTO Calciatore(Id,Squadra,Nome,Ruolo) VALUES (658,'Lecce','FALCO','A');
INSERT INTO Calciatore(Id,Squadra,Nome,Ruolo) VALUES (661,'Udinese','INIGUEZ','C');
INSERT INTO Calciatore(Id,Squadra,Nome,Ruolo) VALUES (662,'Juventus','ALEX SANDRO','D');
INSERT INTO Calciatore(Id,Squadra,Nome,Ruolo) VALUES (666,'Parma','MACHIN','C');
INSERT INTO Calciatore(Id,Squadra,Nome,Ruolo) VALUES (669,'Bologna','DONSAH','C');
INSERT INTO Calciatore(Id,Squadra,Nome,Ruolo) VALUES (673,'Udinese','PERISAN','P');
INSERT INTO Calciatore(Id,Squadra,Nome,Ruolo) VALUES (694,'Fiorentina','BAEZ','A');
INSERT INTO Calciatore(Id,Squadra,Nome,Ruolo) VALUES (695,'Atalanta','TOLOI','D');
INSERT INTO Calciatore(Id,Squadra,Nome,Ruolo) VALUES (696,'Brescia','BALOTELLI','A');
INSERT INTO Calciatore(Id,Squadra,Nome,Ruolo) VALUES (697,'Juventus','CUADRADO','C');
INSERT INTO Calciatore(Id,Squadra,Nome,Ruolo) VALUES (704,'Inter','PERISIC','C');
INSERT INTO Calciatore(Id,Squadra,Nome,Ruolo) VALUES (706,'Torino','ANSALDI','C');
INSERT INTO Calciatore(Id,Squadra,Nome,Ruolo) VALUES (708,'SPAL','FELIPE','D');
INSERT INTO Calciatore(Id,Squadra,Nome,Ruolo) VALUES (713,'Bologna','DZEMAILI','C');
INSERT INTO Calciatore(Id,Squadra,Nome,Ruolo) VALUES (756,'Genoa','ASENCIO','A');
INSERT INTO Calciatore(Id,Squadra,Nome,Ruolo) VALUES (761,'Sampdoria','AUDERO','P');
INSERT INTO Calciatore(Id,Squadra,Nome,Ruolo) VALUES (767,'Verona','TUPTA','A');
INSERT INTO Calciatore(Id,Squadra,Nome,Ruolo) VALUES (770,'Parma','PEZZELLA GIU','D');
INSERT INTO Calciatore(Id,Squadra,Nome,Ruolo) VALUES (771,'Fiorentina','BOATENG','A');
INSERT INTO Calciatore(Id,Squadra,Nome,Ruolo) VALUES (779,'Roma','CRISTANTE','C');
INSERT INTO Calciatore(Id,Squadra,Nome,Ruolo) VALUES (780,'SPAL','CIONEK','D');
INSERT INTO Calciatore(Id,Squadra,Nome,Ruolo) VALUES (785,'Lazio','IMMOBILE','A');
INSERT INTO Calciatore(Id,Squadra,Nome,Ruolo) VALUES (787,'Atalanta','DJIMSITI','D');
INSERT INTO Calciatore(Id,Squadra,Nome,Ruolo) VALUES (788,'Atalanta','FREULER','C');
INSERT INTO Calciatore(Id,Squadra,Nome,Ruolo) VALUES (790,'Udinese','SAMIR','D');
INSERT INTO Calciatore(Id,Squadra,Nome,Ruolo) VALUES (791,'Brescia','SABELLI','D');
INSERT INTO Calciatore(Id,Squadra,Nome,Ruolo) VALUES (798,'Inter','SKRINIAR','D');
INSERT INTO Calciatore(Id,Squadra,Nome,Ruolo) VALUES (801,'Inter','GAGLIARDINI','C');
INSERT INTO Calciatore(Id,Squadra,Nome,Ruolo) VALUES (805,'Lecce','FIAMOZZI','D');
INSERT INTO Calciatore(Id,Squadra,Nome,Ruolo) VALUES (813,'Udinese','BALIC','C');
INSERT INTO Calciatore(Id,Squadra,Nome,Ruolo) VALUES (819,'Genoa','FAVILLI','A');
INSERT INTO Calciatore(Id,Squadra,Nome,Ruolo) VALUES (824,'Verona','ADJAPONG','D');
INSERT INTO Calciatore(Id,Squadra,Nome,Ruolo) VALUES (827,'Sassuolo','LOCATELLI M','C');
INSERT INTO Calciatore(Id,Squadra,Nome,Ruolo) VALUES (1839,'Torino','EDERA','A');
INSERT INTO Calciatore(Id,Squadra,Nome,Ruolo) VALUES (1843,'Genoa','RADU I','P');
INSERT INTO Calciatore(Id,Squadra,Nome,Ruolo) VALUES (1847,'Milan','CALDARA','D');
INSERT INTO Calciatore(Id,Squadra,Nome,Ruolo) VALUES (1850,'Milan','KESSIE''','C');
INSERT INTO Calciatore(Id,Squadra,Nome,Ruolo) VALUES (1852,'Roma','SPINAZZOLA','D');
INSERT INTO Calciatore(Id,Squadra,Nome,Ruolo) VALUES (1857,'SPAL','DI FRANCESCO F','C');
INSERT INTO Calciatore(Id,Squadra,Nome,Ruolo) VALUES (1858,'Bologna','KREJCI','C');
INSERT INTO Calciatore(Id,Squadra,Nome,Ruolo) VALUES (1859,'Bologna','NAGY','C');
INSERT INTO Calciatore(Id,Squadra,Nome,Ruolo) VALUES (1864,'Parma','BRUNO ALVES','D');
INSERT INTO Calciatore(Id,Squadra,Nome,Ruolo) VALUES (1866,'Cagliari','CEPPITELLI','D');
INSERT INTO Calciatore(Id,Squadra,Nome,Ruolo) VALUES (1868,'Sampdoria','MURRU','D');
INSERT INTO Calciatore(Id,Squadra,Nome,Ruolo) VALUES (1869,'Cagliari','PISACANE','D');
INSERT INTO Calciatore(Id,Squadra,Nome,Ruolo) VALUES (1870,'Inter','BARELLA','C');
INSERT INTO Calciatore(Id,Squadra,Nome,Ruolo) VALUES (1871,'Cagliari','DEIOLA','C');
INSERT INTO Calciatore(Id,Squadra,Nome,Ruolo) VALUES (1872,'Brescia','DESSENA','C');
INSERT INTO Calciatore(Id,Squadra,Nome,Ruolo) VALUES (1874,'Cagliari','JOAO PEDRO','A');
INSERT INTO Calciatore(Id,Squadra,Nome,Ruolo) VALUES (1875,'Parma','MUNARI','C');
INSERT INTO Calciatore(Id,Squadra,Nome,Ruolo) VALUES (1876,'Genoa','PAJAC','D');
INSERT INTO Calciatore(Id,Squadra,Nome,Ruolo) VALUES (1879,'Lecce','FARIAS','A');
INSERT INTO Calciatore(Id,Squadra,Nome,Ruolo) VALUES (1891,'Fiorentina','CECCHERINI','D');
INSERT INTO Calciatore(Id,Squadra,Nome,Ruolo) VALUES (1895,'Sassuolo','FERRARI G','D');
INSERT INTO Calciatore(Id,Squadra,Nome,Ruolo) VALUES (1896,'Brescia','MARTELLA','D');
INSERT INTO Calciatore(Id,Squadra,Nome,Ruolo) VALUES (1917,'Fiorentina','DRAGOWSKI','P');
INSERT INTO Calciatore(Id,Squadra,Nome,Ruolo) VALUES (1930,'Juventus','PINSOGLIO','P');
INSERT INTO Calciatore(Id,Squadra,Nome,Ruolo) VALUES (1933,'Udinese','MANDRAGORA','C');
INSERT INTO Calciatore(Id,Squadra,Nome,Ruolo) VALUES (1934,'Lazio','STRAKOSHA','P');
INSERT INTO Calciatore(Id,Squadra,Nome,Ruolo) VALUES (1935,'Lazio','VARGIC','P');
INSERT INTO Calciatore(Id,Squadra,Nome,Ruolo) VALUES (1936,'Lazio','MINALA','C');
INSERT INTO Calciatore(Id,Squadra,Nome,Ruolo) VALUES (1939,'Lecce','LAPADULA','A');
INSERT INTO Calciatore(Id,Squadra,Nome,Ruolo) VALUES (1943,'Udinese','NESTOROVSKI','A');
INSERT INTO Calciatore(Id,Squadra,Nome,Ruolo) VALUES (1946,'Cagliari','ARESTI','P');
INSERT INTO Calciatore(Id,Squadra,Nome,Ruolo) VALUES (1958,'Sampdoria','CAPRARI','A');
INSERT INTO Calciatore(Id,Squadra,Nome,Ruolo) VALUES (1974,'Roma','SCHICK','A');
INSERT INTO Calciatore(Id,Squadra,Nome,Ruolo) VALUES (1976,'Sassuolo','MAZZITELLI','C');
INSERT INTO Calciatore(Id,Squadra,Nome,Ruolo) VALUES (1978,'Inter','SENSI','C');
INSERT INTO Calciatore(Id,Squadra,Nome,Ruolo) VALUES (1979,'Genoa','BARRECA','D');
INSERT INTO Calciatore(Id,Squadra,Nome,Ruolo) VALUES (1981,'Torino','BOYE''','A');
INSERT INTO Calciatore(Id,Squadra,Nome,Ruolo) VALUES (1982,'Torino','PARIGINI','C');
INSERT INTO Calciatore(Id,Squadra,Nome,Ruolo) VALUES (1984,'Udinese','ANGELLA','D');
INSERT INTO Calciatore(Id,Squadra,Nome,Ruolo) VALUES (1986,'Udinese','FOFANA','C');
INSERT INTO Calciatore(Id,Squadra,Nome,Ruolo) VALUES (1987,'Sampdoria','JANKTO','C');
INSERT INTO Calciatore(Id,Squadra,Nome,Ruolo) VALUES (1995,'Sassuolo','DJURICIC','C');
INSERT INTO Calciatore(Id,Squadra,Nome,Ruolo) VALUES (1996,'Udinese','DE PAUL','C');
INSERT INTO Calciatore(Id,Squadra,Nome,Ruolo) VALUES (1998,'Juventus','PJACA','A');
INSERT INTO Calciatore(Id,Squadra,Nome,Ruolo) VALUES (1999,'Lazio','LUKAKU J','D');
INSERT INTO Calciatore(Id,Squadra,Nome,Ruolo) VALUES (2002,'Fiorentina','CHIESA','C');
INSERT INTO Calciatore(Id,Squadra,Nome,Ruolo) VALUES (2003,'SPAL','MURGIA','C');
INSERT INTO Calciatore(Id,Squadra,Nome,Ruolo) VALUES (2006,'Fiorentina','LIROLA','D');
INSERT INTO Calciatore(Id,Squadra,Nome,Ruolo) VALUES (2007,'Lazio','WALLACE','D');
INSERT INTO Calciatore(Id,Squadra,Nome,Ruolo) VALUES (2008,'Sampdoria','LINETTY','C');
INSERT INTO Calciatore(Id,Squadra,Nome,Ruolo) VALUES (2009,'Torino','LUKIC','C');
INSERT INTO Calciatore(Id,Squadra,Nome,Ruolo) VALUES (2011,'Verona','MIGUEL VELOSO','C');
INSERT INTO Calciatore(Id,Squadra,Nome,Ruolo) VALUES (2012,'Napoli','MILIK','A');
INSERT INTO Calciatore(Id,Squadra,Nome,Ruolo) VALUES (2016,'Roma','FAZIO','D');
INSERT INTO Calciatore(Id,Squadra,Nome,Ruolo) VALUES (2038,'Genoa','PINAMONTI','A');
INSERT INTO Calciatore(Id,Squadra,Nome,Ruolo) VALUES (2048,'Lecce','LO FASO','A');
INSERT INTO Calciatore(Id,Squadra,Nome,Ruolo) VALUES (2057,'Torino','GUSTAFSON','C');
INSERT INTO Calciatore(Id,Squadra,Nome,Ruolo) VALUES (2061,'Cagliari','SIMEONE','A');
INSERT INTO Calciatore(Id,Squadra,Nome,Ruolo) VALUES (2062,'Lazio','BASTOS','D');
INSERT INTO Calciatore(Id,Squadra,Nome,Ruolo) VALUES (2065,'Sampdoria','PRAET','C');
INSERT INTO Calciatore(Id,Squadra,Nome,Ruolo) VALUES (2070,'Lecce','PETTINARI','A');
INSERT INTO Calciatore(Id,Squadra,Nome,Ruolo) VALUES (2073,'Verona','RAGUSA','A');
INSERT INTO Calciatore(Id,Squadra,Nome,Ruolo) VALUES (2075,'Fiorentina','CRISTOFORO','C');
INSERT INTO Calciatore(Id,Squadra,Nome,Ruolo) VALUES (2076,'Cagliari','ROG','C');
INSERT INTO Calciatore(Id,Squadra,Nome,Ruolo) VALUES (2077,'Atalanta','PASALIC','C');
INSERT INTO Calciatore(Id,Squadra,Nome,Ruolo) VALUES (2078,'Inter','JOAO MARIO','C');
INSERT INTO Calciatore(Id,Squadra,Nome,Ruolo) VALUES (2083,'Genoa','BIRASCHI','D');
INSERT INTO Calciatore(Id,Squadra,Nome,Ruolo) VALUES (2085,'Lazio','LUIS ALBERTO','C');
INSERT INTO Calciatore(Id,Squadra,Nome,Ruolo) VALUES (2091,'Milan','PLIZZARI','P');
INSERT INTO Calciatore(Id,Squadra,Nome,Ruolo) VALUES (2096,'Torino','CUCCHIETTI','P');
INSERT INTO Calciatore(Id,Squadra,Nome,Ruolo) VALUES (2097,'Juventus','KEAN','A');
INSERT INTO Calciatore(Id,Squadra,Nome,Ruolo) VALUES (2104,'Sampdoria','BERESZYNSKI','D');
INSERT INTO Calciatore(Id,Squadra,Nome,Ruolo) VALUES (2106,'Brescia','MOROSINI','C');
INSERT INTO Calciatore(Id,Squadra,Nome,Ruolo) VALUES (2116,'Cagliari','FARAGO''','C');
INSERT INTO Calciatore(Id,Squadra,Nome,Ruolo) VALUES (2120,'Inter','BASTONI','D');
INSERT INTO Calciatore(Id,Squadra,Nome,Ruolo) VALUES (2127,'Sassuolo','SATALINO','P');
INSERT INTO Calciatore(Id,Squadra,Nome,Ruolo) VALUES (2129,'Sampdoria','SIMIC L','D');
INSERT INTO Calciatore(Id,Squadra,Nome,Ruolo) VALUES (2130,'Atalanta','HATEBOER','D');
INSERT INTO Calciatore(Id,Squadra,Nome,Ruolo) VALUES (2134,'Sampdoria','FALCONE','P');
INSERT INTO Calciatore(Id,Squadra,Nome,Ruolo) VALUES (2141,'Sampdoria','DEPAOLI','D');
INSERT INTO Calciatore(Id,Squadra,Nome,Ruolo) VALUES (2144,'Udinese','COULIBALY','C');
INSERT INTO Calciatore(Id,Squadra,Nome,Ruolo) VALUES (2146,'Juventus','HAN','A');
INSERT INTO Calciatore(Id,Squadra,Nome,Ruolo) VALUES (2155,'Milan','CUTRONE','A');
INSERT INTO Calciatore(Id,Squadra,Nome,Ruolo) VALUES (2157,'Cagliari','BIANCU','C');
INSERT INTO Calciatore(Id,Squadra,Nome,Ruolo) VALUES (2160,'Atalanta','GOSENS','D');
INSERT INTO Calciatore(Id,Squadra,Nome,Ruolo) VALUES (2161,'Atalanta','HAAS','C');
INSERT INTO Calciatore(Id,Squadra,Nome,Ruolo) VALUES (2163,'Parma','CORNELIUS','A');
INSERT INTO Calciatore(Id,Squadra,Nome,Ruolo) VALUES (2164,'Fiorentina','MILENKOVIC','D');
INSERT INTO Calciatore(Id,Squadra,Nome,Ruolo) VALUES (2165,'Fiorentina','VITOR HUGO','D');
INSERT INTO Calciatore(Id,Squadra,Nome,Ruolo) VALUES (2166,'Juventus','BENTANCUR','C');
INSERT INTO Calciatore(Id,Squadra,Nome,Ruolo) VALUES (2167,'Bologna','ORSOLINI','A');
INSERT INTO Calciatore(Id,Squadra,Nome,Ruolo) VALUES (2168,'Milan','MUSACCHIO','D');
INSERT INTO Calciatore(Id,Squadra,Nome,Ruolo) VALUES (2169,'Milan','RODRIGUEZ R','D');
INSERT INTO Calciatore(Id,Squadra,Nome,Ruolo) VALUES (2171,'Torino','LYANCO','D');
INSERT INTO Calciatore(Id,Squadra,Nome,Ruolo) VALUES (2172,'Udinese','BARAK','C');
INSERT INTO Calciatore(Id,Squadra,Nome,Ruolo) VALUES (2173,'Udinese','MALLE''','A');
INSERT INTO Calciatore(Id,Squadra,Nome,Ruolo) VALUES (2174,'Fiorentina','VENUTI','D');
INSERT INTO Calciatore(Id,Squadra,Nome,Ruolo) VALUES (2175,'Milan','ANDRE'' SILVA','A');
INSERT INTO Calciatore(Id,Squadra,Nome,Ruolo) VALUES (2178,'Cagliari','CRAGNO','P');
INSERT INTO Calciatore(Id,Squadra,Nome,Ruolo) VALUES (2179,'Torino','SIRIGU','P');
INSERT INTO Calciatore(Id,Squadra,Nome,Ruolo) VALUES (2180,'Roma','KARSDORP','D');
INSERT INTO Calciatore(Id,Squadra,Nome,Ruolo) VALUES (2181,'Atalanta','PALOMINO','D');
INSERT INTO Calciatore(Id,Squadra,Nome,Ruolo) VALUES (2184,'Sassuolo','GRAVILLON','D');
INSERT INTO Calciatore(Id,Squadra,Nome,Ruolo) VALUES (2187,'Milan','BORINI','C');
INSERT INTO Calciatore(Id,Squadra,Nome,Ruolo) VALUES (2188,'Lazio','MARUSIC','C');
INSERT INTO Calciatore(Id,Squadra,Nome,Ruolo) VALUES (2191,'Udinese','INGELSSON','C');
INSERT INTO Calciatore(Id,Squadra,Nome,Ruolo) VALUES (2192,'Torino','BONIFAZI','D');
INSERT INTO Calciatore(Id,Squadra,Nome,Ruolo) VALUES (2193,'Roma','GONALONS','C');
INSERT INTO Calciatore(Id,Squadra,Nome,Ruolo) VALUES (2194,'Milan','CALHANOGLU','C');
INSERT INTO Calciatore(Id,Squadra,Nome,Ruolo) VALUES (2195,'Napoli','OUNAS','A');
INSERT INTO Calciatore(Id,Squadra,Nome,Ruolo) VALUES (2197,'Atalanta','CASTAGNE','D');
INSERT INTO Calciatore(Id,Squadra,Nome,Ruolo) VALUES (2200,'Juventus','DOUGLAS COSTA','C');
INSERT INTO Calciatore(Id,Squadra,Nome,Ruolo) VALUES (2201,'Roma','UNDER','C');
INSERT INTO Calciatore(Id,Squadra,Nome,Ruolo) VALUES (2205,'Torino','BERENGUER','C');
INSERT INTO Calciatore(Id,Squadra,Nome,Ruolo) VALUES (2208,'Genoa','JAROSZYNSKI','D');
INSERT INTO Calciatore(Id,Squadra,Nome,Ruolo) VALUES (2209,'Lazio','LUCAS LEIVA','C');
INSERT INTO Calciatore(Id,Squadra,Nome,Ruolo) VALUES (2210,'Bologna','FALLETTI','C');
INSERT INTO Calciatore(Id,Squadra,Nome,Ruolo) VALUES (2211,'Verona','SILVESTRI','P');
INSERT INTO Calciatore(Id,Squadra,Nome,Ruolo) VALUES (2212,'SPAL','VAISANEN','D');
INSERT INTO Calciatore(Id,Squadra,Nome,Ruolo) VALUES (2213,'Genoa','CASSATA','C');
INSERT INTO Calciatore(Id,Squadra,Nome,Ruolo) VALUES (2214,'Roma','KOLAROV','D');
INSERT INTO Calciatore(Id,Squadra,Nome,Ruolo) VALUES (2215,'Roma','VERETOUT','C');
INSERT INTO Calciatore(Id,Squadra,Nome,Ruolo) VALUES (2241,'Lecce','LUCIONI','D');
INSERT INTO Calciatore(Id,Squadra,Nome,Ruolo) VALUES (2243,'Napoli','CICIRETTI','C');
INSERT INTO Calciatore(Id,Squadra,Nome,Ruolo) VALUES (2246,'Parma','CERAVOLO','A');
INSERT INTO Calciatore(Id,Squadra,Nome,Ruolo) VALUES (2247,'Verona','CISSE'' K','A');
INSERT INTO Calciatore(Id,Squadra,Nome,Ruolo) VALUES (2261,'SPAL','VICARI','D');
INSERT INTO Calciatore(Id,Squadra,Nome,Ruolo) VALUES (2263,'Lazio','LAZZARI M','C');
INSERT INTO Calciatore(Id,Squadra,Nome,Ruolo) VALUES (2270,'Torino','ZACCAGNO','P');
INSERT INTO Calciatore(Id,Squadra,Nome,Ruolo) VALUES (2271,'Udinese','NICOLAS','P');
INSERT INTO Calciatore(Id,Squadra,Nome,Ruolo) VALUES (2274,'SPAL','VALOTI','C');
INSERT INTO Calciatore(Id,Squadra,Nome,Ruolo) VALUES (2279,'Sassuolo','ROMAGNA','D');
INSERT INTO Calciatore(Id,Squadra,Nome,Ruolo) VALUES (2280,'Udinese','NUYTINCK','D');
INSERT INTO Calciatore(Id,Squadra,Nome,Ruolo) VALUES (2281,'Atalanta','VIDO','A');
INSERT INTO Calciatore(Id,Squadra,Nome,Ruolo) VALUES (2284,'Lazio','CAICEDO','A');
INSERT INTO Calciatore(Id,Squadra,Nome,Ruolo) VALUES (2285,'Bologna','BANI','D');
INSERT INTO Calciatore(Id,Squadra,Nome,Ruolo) VALUES (2287,'Sampdoria','RAMIREZ','C');
INSERT INTO Calciatore(Id,Squadra,Nome,Ruolo) VALUES (2288,'Torino','N''KOULOU','D');
INSERT INTO Calciatore(Id,Squadra,Nome,Ruolo) VALUES (2289,'Fiorentina','DALBERT','D');
INSERT INTO Calciatore(Id,Squadra,Nome,Ruolo) VALUES (2290,'Fiorentina','EYSSERIC','C');
INSERT INTO Calciatore(Id,Squadra,Nome,Ruolo) VALUES (2291,'Genoa','RODRIGUEZ T','C');
INSERT INTO Calciatore(Id,Squadra,Nome,Ruolo) VALUES (2294,'Fiorentina','CEROFOLINI','P');
INSERT INTO Calciatore(Id,Squadra,Nome,Ruolo) VALUES (2296,'Roma','MANCINI G','D');
INSERT INTO Calciatore(Id,Squadra,Nome,Ruolo) VALUES (2297,'Atalanta','ROSSI F','P');
INSERT INTO Calciatore(Id,Squadra,Nome,Ruolo) VALUES (2304,'Verona','SALCEDO E','A');
INSERT INTO Calciatore(Id,Squadra,Nome,Ruolo) VALUES (2306,'Juventus','MATUIDI','C');
INSERT INTO Calciatore(Id,Squadra,Nome,Ruolo) VALUES (2309,'Fiorentina','PEZZELLA GER','D');
INSERT INTO Calciatore(Id,Squadra,Nome,Ruolo) VALUES (2310,'Juventus','CANCELO','D');
INSERT INTO Calciatore(Id,Squadra,Nome,Ruolo) VALUES (2312,'Fiorentina','HRISTOV','D');
INSERT INTO Calciatore(Id,Squadra,Nome,Ruolo) VALUES (2314,'Genoa','BRLEK','C');
INSERT INTO Calciatore(Id,Squadra,Nome,Ruolo) VALUES (2315,'Udinese','STRYGER LARSEN','D');
INSERT INTO Calciatore(Id,Squadra,Nome,Ruolo) VALUES (2317,'Sassuolo','BRIGNOLA','A');
INSERT INTO Calciatore(Id,Squadra,Nome,Ruolo) VALUES (2318,'Sassuolo','ROGERIO','D');
INSERT INTO Calciatore(Id,Squadra,Nome,Ruolo) VALUES (2324,'Verona','LEE','A');
INSERT INTO Calciatore(Id,Squadra,Nome,Ruolo) VALUES (2325,'Parma','KARAMOH','A');
INSERT INTO Calciatore(Id,Squadra,Nome,Ruolo) VALUES (2327,'Verona','STEPINSKI','A');
INSERT INTO Calciatore(Id,Squadra,Nome,Ruolo) VALUES (2332,'Lazio','BRUNO JORDAO','C');
INSERT INTO Calciatore(Id,Squadra,Nome,Ruolo) VALUES (2333,'Lazio','PEDRO NETO','A');
INSERT INTO Calciatore(Id,Squadra,Nome,Ruolo) VALUES (2334,'Sampdoria','LERIS','C');
INSERT INTO Calciatore(Id,Squadra,Nome,Ruolo) VALUES (2335,'Lazio','LUIZ FELIPE','D');
INSERT INTO Calciatore(Id,Squadra,Nome,Ruolo) VALUES (2355,'Sassuolo','MARLON','D');
INSERT INTO Calciatore(Id,Squadra,Nome,Ruolo) VALUES (2378,'Roma','PASTORE','C');
INSERT INTO Calciatore(Id,Squadra,Nome,Ruolo) VALUES (2379,'Juventus','RABIOT','C');
INSERT INTO Calciatore(Id,Squadra,Nome,Ruolo) VALUES (2389,'Lecce','IMBULA','C');
INSERT INTO Calciatore(Id,Squadra,Nome,Ruolo) VALUES (2391,'Sampdoria','EKDAL','C');
INSERT INTO Calciatore(Id,Squadra,Nome,Ruolo) VALUES (2392,'Udinese','WALACE','C');
INSERT INTO Calciatore(Id,Squadra,Nome,Ruolo) VALUES (2409,'Fiorentina','RIBERY','C');
INSERT INTO Calciatore(Id,Squadra,Nome,Ruolo) VALUES (2446,'Lecce','DONATI','D');
INSERT INTO Calciatore(Id,Squadra,Nome,Ruolo) VALUES (2468,'Napoli','OSPINA','P');
INSERT INTO Calciatore(Id,Squadra,Nome,Ruolo) VALUES (2472,'Juventus','RAMSEY','C');
INSERT INTO Calciatore(Id,Squadra,Nome,Ruolo) VALUES (2475,'Inter','SANCHEZ A','A');
INSERT INTO Calciatore(Id,Squadra,Nome,Ruolo) VALUES (2504,'Juventus','CAN','C');
INSERT INTO Calciatore(Id,Squadra,Nome,Ruolo) VALUES (2525,'Parma','DARMIAN','D');
INSERT INTO Calciatore(Id,Squadra,Nome,Ruolo) VALUES (2529,'Roma','MKHITARYAN','C');
INSERT INTO Calciatore(Id,Squadra,Nome,Ruolo) VALUES (2531,'Inter','LUKAKU R','A');
INSERT INTO Calciatore(Id,Squadra,Nome,Ruolo) VALUES (2572,'Inter','GODIN','D');
INSERT INTO Calciatore(Id,Squadra,Nome,Ruolo) VALUES (2610,'Juventus','CRISTIANO RONALDO','A');
INSERT INTO Calciatore(Id,Squadra,Nome,Ruolo) VALUES (2617,'Roma','NZONZI','C');
INSERT INTO Calciatore(Id,Squadra,Nome,Ruolo) VALUES (2625,'Bologna','SORIANO','C');
INSERT INTO Calciatore(Id,Squadra,Nome,Ruolo) VALUES (2633,'Atalanta','KJAER','D');
INSERT INTO Calciatore(Id,Squadra,Nome,Ruolo) VALUES (2642,'Verona','CALVANO','C');
INSERT INTO Calciatore(Id,Squadra,Nome,Ruolo) VALUES (2646,'Genoa','SANDRO','C');
INSERT INTO Calciatore(Id,Squadra,Nome,Ruolo) VALUES (2648,'Napoli','MACHACH','C');
INSERT INTO Calciatore(Id,Squadra,Nome,Ruolo) VALUES (2653,'Cagliari','LYKOGIANNIS','D');
INSERT INTO Calciatore(Id,Squadra,Nome,Ruolo) VALUES (2657,'Roma','ANTONUCCI','A');
INSERT INTO Calciatore(Id,Squadra,Nome,Ruolo) VALUES (2659,'Fiorentina','DABO','C');
INSERT INTO Calciatore(Id,Squadra,Nome,Ruolo) VALUES (2664,'Genoa','EL YAMIQ','D');
INSERT INTO Calciatore(Id,Squadra,Nome,Ruolo) VALUES (2692,'Milan','CASTILLEJO','C');
INSERT INTO Calciatore(Id,Squadra,Nome,Ruolo) VALUES (2719,'Atalanta','BARROW','A');
INSERT INTO Calciatore(Id,Squadra,Nome,Ruolo) VALUES (2724,'Torino','BUONGIORNO','D');
INSERT INTO Calciatore(Id,Squadra,Nome,Ruolo) VALUES (2726,'Verona','DANZI','C');
INSERT INTO Calciatore(Id,Squadra,Nome,Ruolo) VALUES (2728,'Cagliari','PELLEGRINI LU','D');
INSERT INTO Calciatore(Id,Squadra,Nome,Ruolo) VALUES (2732,'Sampdoria','STIJEPOVIC','A');
INSERT INTO Calciatore(Id,Squadra,Nome,Ruolo) VALUES (2739,'SPAL','RECA','D');
INSERT INTO Calciatore(Id,Squadra,Nome,Ruolo) VALUES (2740,'Atalanta','VARNIER','D');
INSERT INTO Calciatore(Id,Squadra,Nome,Ruolo) VALUES (2741,'Verona','PESSINA','C');
INSERT INTO Calciatore(Id,Squadra,Nome,Ruolo) VALUES (2742,'Atalanta','VALZANIA','C');
INSERT INTO Calciatore(Id,Squadra,Nome,Ruolo) VALUES (2743,'Bologna','SANTANDER','A');
INSERT INTO Calciatore(Id,Squadra,Nome,Ruolo) VALUES (2744,'Bologna','SVANBERG','C');
INSERT INTO Calciatore(Id,Squadra,Nome,Ruolo) VALUES (2745,'Bologna','CALABRESI','D');
INSERT INTO Calciatore(Id,Squadra,Nome,Ruolo) VALUES (2746,'Bologna','DIJKS','D');
INSERT INTO Calciatore(Id,Squadra,Nome,Ruolo) VALUES (2747,'Bologna','PAZ','D');
INSERT INTO Calciatore(Id,Squadra,Nome,Ruolo) VALUES (2752,'Fiorentina','RASMUSSEN','D');
INSERT INTO Calciatore(Id,Squadra,Nome,Ruolo) VALUES (2754,'Fiorentina','HANCKO','D');
INSERT INTO Calciatore(Id,Squadra,Nome,Ruolo) VALUES (2756,'Milan','PIATEK','A');
INSERT INTO Calciatore(Id,Squadra,Nome,Ruolo) VALUES (2758,'Verona','GUNTER','D');
INSERT INTO Calciatore(Id,Squadra,Nome,Ruolo) VALUES (2759,'Genoa','CRISCITO','D');
INSERT INTO Calciatore(Id,Squadra,Nome,Ruolo) VALUES (2760,'Genoa','CALLEGARI','C');
INSERT INTO Calciatore(Id,Squadra,Nome,Ruolo) VALUES (2761,'Genoa','VODISEK','P');
INSERT INTO Calciatore(Id,Squadra,Nome,Ruolo) VALUES (2762,'Genoa','KOUAME''','A');
INSERT INTO Calciatore(Id,Squadra,Nome,Ruolo) VALUES (2764,'Inter','MARTINEZ L','A');
INSERT INTO Calciatore(Id,Squadra,Nome,Ruolo) VALUES (2766,'Roma','ZANIOLO','C');
INSERT INTO Calciatore(Id,Squadra,Nome,Ruolo) VALUES (2769,'Brescia','MAGNANI','D');
INSERT INTO Calciatore(Id,Squadra,Nome,Ruolo) VALUES (2770,'Lazio','PROTO','P');
INSERT INTO Calciatore(Id,Squadra,Nome,Ruolo) VALUES (2771,'Lazio','BERISHA V','C');
INSERT INTO Calciatore(Id,Squadra,Nome,Ruolo) VALUES (2772,'Lazio','DURMISI','D');
INSERT INTO Calciatore(Id,Squadra,Nome,Ruolo) VALUES (2773,'Parma','SPROCATI','A');
INSERT INTO Calciatore(Id,Squadra,Nome,Ruolo) VALUES (2775,'Napoli','RUIZ','C');
INSERT INTO Calciatore(Id,Squadra,Nome,Ruolo) VALUES (2776,'Napoli','YOUNES','C');
INSERT INTO Calciatore(Id,Squadra,Nome,Ruolo) VALUES (2779,'Roma','KLUIVERT','C');
INSERT INTO Calciatore(Id,Squadra,Nome,Ruolo) VALUES (2780,'Roma','CORIC','C');
INSERT INTO Calciatore(Id,Squadra,Nome,Ruolo) VALUES (2781,'Roma','FUZATO','P');
INSERT INTO Calciatore(Id,Squadra,Nome,Ruolo) VALUES (2783,'Roma','BIANDA','D');
INSERT INTO Calciatore(Id,Squadra,Nome,Ruolo) VALUES (2784,'Sampdoria','COLLEY','D');
INSERT INTO Calciatore(Id,Squadra,Nome,Ruolo) VALUES (2787,'SPAL','DICKMANN','D');
INSERT INTO Calciatore(Id,Squadra,Nome,Ruolo) VALUES (2788,'Torino','BREMER','D');
INSERT INTO Calciatore(Id,Squadra,Nome,Ruolo) VALUES (2789,'Torino','MEITE''','C');
INSERT INTO Calciatore(Id,Squadra,Nome,Ruolo) VALUES (2790,'Torino','ROSATI','P');
INSERT INTO Calciatore(Id,Squadra,Nome,Ruolo) VALUES (2792,'Udinese','MUSSO','P');
INSERT INTO Calciatore(Id,Squadra,Nome,Ruolo) VALUES (2793,'Udinese','OPOKU','D');
INSERT INTO Calciatore(Id,Squadra,Nome,Ruolo) VALUES (2794,'Udinese','MICIN','A');
INSERT INTO Calciatore(Id,Squadra,Nome,Ruolo) VALUES (2795,'Udinese','TER AVEST','D');
INSERT INTO Calciatore(Id,Squadra,Nome,Ruolo) VALUES (2798,'Parma','DINI','P');
INSERT INTO Calciatore(Id,Squadra,Nome,Ruolo) VALUES (2801,'Parma','IACOPONI','D');
INSERT INTO Calciatore(Id,Squadra,Nome,Ruolo) VALUES (2802,'Parma','BARILLA''','C');
INSERT INTO Calciatore(Id,Squadra,Nome,Ruolo) VALUES (2804,'Parma','SCOZZARELLA','C');
INSERT INTO Calciatore(Id,Squadra,Nome,Ruolo) VALUES (2805,'Parma','BARAYE','A');
INSERT INTO Calciatore(Id,Squadra,Nome,Ruolo) VALUES (2807,'Parma','DA CRUZ','A');
INSERT INTO Calciatore(Id,Squadra,Nome,Ruolo) VALUES (2808,'Parma','FREDIANI','A');
INSERT INTO Calciatore(Id,Squadra,Nome,Ruolo) VALUES (2809,'Lecce','VIGORITO','P');
INSERT INTO Calciatore(Id,Squadra,Nome,Ruolo) VALUES (2815,'Fiorentina','TERRACCIANO','P');
INSERT INTO Calciatore(Id,Squadra,Nome,Ruolo) VALUES (2816,'Napoli','DI LORENZO','D');
INSERT INTO Calciatore(Id,Squadra,Nome,Ruolo) VALUES (2818,'Milan','BENNACER','C');
INSERT INTO Calciatore(Id,Squadra,Nome,Ruolo) VALUES (2819,'Sassuolo','CAPUTO','A');
INSERT INTO Calciatore(Id,Squadra,Nome,Ruolo) VALUES (2825,'Sassuolo','BOURABIA','C');
INSERT INTO Calciatore(Id,Squadra,Nome,Ruolo) VALUES (2826,'Udinese','PUSSETTO','A');
INSERT INTO Calciatore(Id,Squadra,Nome,Ruolo) VALUES (2828,'Cagliari','COLOMBATTO','C');
INSERT INTO Calciatore(Id,Squadra,Nome,Ruolo) VALUES (2832,'Sassuolo','BOGA','A');
INSERT INTO Calciatore(Id,Squadra,Nome,Ruolo) VALUES (2833,'Parma','KULUSEVSKI','C');
INSERT INTO Calciatore(Id,Squadra,Nome,Ruolo) VALUES (2835,'Bologna','KINGSLEY','C');
INSERT INTO Calciatore(Id,Squadra,Nome,Ruolo) VALUES (2836,'Cagliari','OLSEN','P');
INSERT INTO Calciatore(Id,Squadra,Nome,Ruolo) VALUES (2839,'Fiorentina','SOTTIL','A');
INSERT INTO Calciatore(Id,Squadra,Nome,Ruolo) VALUES (2841,'Fiorentina','VLAHOVIC','A');
INSERT INTO Calciatore(Id,Squadra,Nome,Ruolo) VALUES (2844,'Inter','COLIDIO','A');
INSERT INTO Calciatore(Id,Squadra,Nome,Ruolo) VALUES (2852,'Roma','RICCARDI','C');
INSERT INTO Calciatore(Id,Squadra,Nome,Ruolo) VALUES (2853,'SPAL','MONCINI','A');
INSERT INTO Calciatore(Id,Squadra,Nome,Ruolo) VALUES (2854,'Cagliari','BRADARIC','C');
INSERT INTO Calciatore(Id,Squadra,Nome,Ruolo) VALUES (2855,'Sampdoria','VIEIRA','C');
INSERT INTO Calciatore(Id,Squadra,Nome,Ruolo) VALUES (2857,'Sassuolo','TRAORE'' HJ','C');
INSERT INTO Calciatore(Id,Squadra,Nome,Ruolo) VALUES (2860,'Napoli','MALCUIT','D');
INSERT INTO Calciatore(Id,Squadra,Nome,Ruolo) VALUES (2865,'Torino','AINA','D');
INSERT INTO Calciatore(Id,Squadra,Nome,Ruolo) VALUES (2868,'Sampdoria','RIGONI E','A');
INSERT INTO Calciatore(Id,Squadra,Nome,Ruolo) VALUES (2869,'Torino','DJIDJI','D');
INSERT INTO Calciatore(Id,Squadra,Nome,Ruolo) VALUES (2870,'Udinese','TROOST-EKONG','D');
INSERT INTO Calciatore(Id,Squadra,Nome,Ruolo) VALUES (2871,'Cagliari','KLAVAN','D');
INSERT INTO Calciatore(Id,Squadra,Nome,Ruolo) VALUES (2873,'Udinese','TEODORCZYK','A');
INSERT INTO Calciatore(Id,Squadra,Nome,Ruolo) VALUES (4228,'Fiorentina','GHEZZAL','C');
INSERT INTO Calciatore(Id,Squadra,Nome,Ruolo) VALUES (4237,'Juventus','DANILO','D');
INSERT INTO Calciatore(Id,Squadra,Nome,Ruolo) VALUES (4245,'Roma','SMALLING','D');
INSERT INTO Calciatore(Id,Squadra,Nome,Ruolo) VALUES (4292,'Milan','HERNANDEZ T','D');
INSERT INTO Calciatore(Id,Squadra,Nome,Ruolo) VALUES (4302,'Udinese','SIERRALTA','D');
INSERT INTO Calciatore(Id,Squadra,Nome,Ruolo) VALUES (4307,'Genoa','ROMERO C','D');
INSERT INTO Calciatore(Id,Squadra,Nome,Ruolo) VALUES (4322,'Milan','PAQUETA''','C');
INSERT INTO Calciatore(Id,Squadra,Nome,Ruolo) VALUES (4324,'Udinese','OKAKA','A');
INSERT INTO Calciatore(Id,Squadra,Nome,Ruolo) VALUES (4325,'Genoa','JANDREI','P');
INSERT INTO Calciatore(Id,Squadra,Nome,Ruolo) VALUES (4327,'Cagliari','OLIVA','C');
INSERT INTO Calciatore(Id,Squadra,Nome,Ruolo) VALUES (4330,'Genoa','LERAGER','C');
INSERT INTO Calciatore(Id,Squadra,Nome,Ruolo) VALUES (4331,'Atalanta','IBANEZ','D');
INSERT INTO Calciatore(Id,Squadra,Nome,Ruolo) VALUES (4332,'Juventus','DEMIRAL','D');
INSERT INTO Calciatore(Id,Squadra,Nome,Ruolo) VALUES (4333,'Cagliari','DESPODOV','A');
INSERT INTO Calciatore(Id,Squadra,Nome,Ruolo) VALUES (4338,'SPAL','JANKOVIC','C');
INSERT INTO Calciatore(Id,Squadra,Nome,Ruolo) VALUES (4346,'Torino','MILLICO','A');
INSERT INTO Calciatore(Id,Squadra,Nome,Ruolo) VALUES (4349,'Juventus','NICOLUSSI CAVIGLIA','C');
INSERT INTO Calciatore(Id,Squadra,Nome,Ruolo) VALUES (4351,'Fiorentina','BRANCOLINI','P');
INSERT INTO Calciatore(Id,Squadra,Nome,Ruolo) VALUES (4353,'Fiorentina','MONTIEL','C');
INSERT INTO Calciatore(Id,Squadra,Nome,Ruolo) VALUES (4359,'Atalanta','PICCOLI','A');
INSERT INTO Calciatore(Id,Squadra,Nome,Ruolo) VALUES (4362,'Fiorentina','BELOKO','C');
INSERT INTO Calciatore(Id,Squadra,Nome,Ruolo) VALUES (4364,'Napoli','GAETANO','C');
INSERT INTO Calciatore(Id,Squadra,Nome,Ruolo) VALUES (4365,'Bologna','CORBO','D');
INSERT INTO Calciatore(Id,Squadra,Nome,Ruolo) VALUES (4368,'Bologna','JUWARA','A');
INSERT INTO Calciatore(Id,Squadra,Nome,Ruolo) VALUES (4370,'Juventus','PORTANOVA','C');
INSERT INTO Calciatore(Id,Squadra,Nome,Ruolo) VALUES (4371,'Sassuolo','RASPADORI','A');
INSERT INTO Calciatore(Id,Squadra,Nome,Ruolo) VALUES (4373,'Brescia','MATEJU','D');
INSERT INTO Calciatore(Id,Squadra,Nome,Ruolo) VALUES (4374,'Cagliari','WALUKIEWICZ','D');
INSERT INTO Calciatore(Id,Squadra,Nome,Ruolo) VALUES (4375,'Fiorentina','TERZIC','D');
INSERT INTO Calciatore(Id,Squadra,Nome,Ruolo) VALUES (4376,'Fiorentina','ZURKOWSKI','C');
INSERT INTO Calciatore(Id,Squadra,Nome,Ruolo) VALUES (4377,'Fiorentina','CASTROVILLI','C');
INSERT INTO Calciatore(Id,Squadra,Nome,Ruolo) VALUES (4378,'Fiorentina','RANIERI L','D');
INSERT INTO Calciatore(Id,Squadra,Nome,Ruolo) VALUES (4379,'Fiorentina','GORI G','A');
INSERT INTO Calciatore(Id,Squadra,Nome,Ruolo) VALUES (4380,'Inter','BURGIO','C');
INSERT INTO Calciatore(Id,Squadra,Nome,Ruolo) VALUES (4381,'Genoa','GUMUS','A');
INSERT INTO Calciatore(Id,Squadra,Nome,Ruolo) VALUES (4383,'Genoa','ZENNARO','C');
INSERT INTO Calciatore(Id,Squadra,Nome,Ruolo) VALUES (4384,'Genoa','JAGIELLO','C');
INSERT INTO Calciatore(Id,Squadra,Nome,Ruolo) VALUES (4385,'Inter','LAZARO','C');
INSERT INTO Calciatore(Id,Squadra,Nome,Ruolo) VALUES (4386,'Sassuolo','SALA M','D');
INSERT INTO Calciatore(Id,Squadra,Nome,Ruolo) VALUES (4387,'Parma','ADORANTE','A');
INSERT INTO Calciatore(Id,Squadra,Nome,Ruolo) VALUES (4388,'Lazio','ADEKANYE','A');
INSERT INTO Calciatore(Id,Squadra,Nome,Ruolo) VALUES (4389,'Lazio','ANDERSON A','C');
INSERT INTO Calciatore(Id,Squadra,Nome,Ruolo) VALUES (4390,'Lazio','ANDERSON D','C');
INSERT INTO Calciatore(Id,Squadra,Nome,Ruolo) VALUES (4391,'Lazio','CASASOLA','D');
INSERT INTO Calciatore(Id,Squadra,Nome,Ruolo) VALUES (4392,'Genoa','RIZZO N','D');
INSERT INTO Calciatore(Id,Squadra,Nome,Ruolo) VALUES (4393,'Bologna','SCHOUTEN','C');
INSERT INTO Calciatore(Id,Squadra,Nome,Ruolo) VALUES (4397,'Lazio','VAVRO','D');
INSERT INTO Calciatore(Id,Squadra,Nome,Ruolo) VALUES (4398,'Lecce','BENZAR','D');
INSERT INTO Calciatore(Id,Squadra,Nome,Ruolo) VALUES (4399,'Lecce','VERA','D');
INSERT INTO Calciatore(Id,Squadra,Nome,Ruolo) VALUES (4400,'Lecce','SHAKHOV','C');
INSERT INTO Calciatore(Id,Squadra,Nome,Ruolo) VALUES (4401,'Milan','GABBIA','D');
INSERT INTO Calciatore(Id,Squadra,Nome,Ruolo) VALUES (4403,'Sampdoria','CHABOT','D');
INSERT INTO Calciatore(Id,Squadra,Nome,Ruolo) VALUES (4404,'Sampdoria','THORSBY','C');
INSERT INTO Calciatore(Id,Squadra,Nome,Ruolo) VALUES (4405,'Sampdoria','MARONI','C');
INSERT INTO Calciatore(Id,Squadra,Nome,Ruolo) VALUES (4406,'Sassuolo','TRIPALDELLI','D');
INSERT INTO Calciatore(Id,Squadra,Nome,Ruolo) VALUES (4407,'SPAL','IGOR','D');
INSERT INTO Calciatore(Id,Squadra,Nome,Ruolo) VALUES (4409,'Verona','RRAHMANI','D');
INSERT INTO Calciatore(Id,Squadra,Nome,Ruolo) VALUES (4410,'Verona','BORGHETTO','P');
INSERT INTO Calciatore(Id,Squadra,Nome,Ruolo) VALUES (4411,'Inter','AGOUME','C');
INSERT INTO Calciatore(Id,Squadra,Nome,Ruolo) VALUES (4412,'Udinese','RODRIGO BECAO','D');
INSERT INTO Calciatore(Id,Squadra,Nome,Ruolo) VALUES (4413,'Brescia','AYE''','A');
INSERT INTO Calciatore(Id,Squadra,Nome,Ruolo) VALUES (4414,'Bologna','DENSWIL','D');
INSERT INTO Calciatore(Id,Squadra,Nome,Ruolo) VALUES (4415,'Bologna','SKOV OLSEN','A');
INSERT INTO Calciatore(Id,Squadra,Nome,Ruolo) VALUES (4419,'Roma','PAU LOPEZ','P');
INSERT INTO Calciatore(Id,Squadra,Nome,Ruolo) VALUES (4420,'Verona','BOCCHETTI','D');
INSERT INTO Calciatore(Id,Squadra,Nome,Ruolo) VALUES (4421,'Sampdoria','AUGELLO','D');
INSERT INTO Calciatore(Id,Squadra,Nome,Ruolo) VALUES (4422,'Bologna','TOMIYASU','D');
INSERT INTO Calciatore(Id,Squadra,Nome,Ruolo) VALUES (4423,'Parma','HERNANI','C');
INSERT INTO Calciatore(Id,Squadra,Nome,Ruolo) VALUES (4424,'Lazio','JONY','C');
INSERT INTO Calciatore(Id,Squadra,Nome,Ruolo) VALUES (4425,'Brescia','JORONEN','P');
INSERT INTO Calciatore(Id,Squadra,Nome,Ruolo) VALUES (4426,'Sassuolo','TOLJAN','D');
INSERT INTO Calciatore(Id,Squadra,Nome,Ruolo) VALUES (4427,'Atalanta','MALINOVSKYI','C');
INSERT INTO Calciatore(Id,Squadra,Nome,Ruolo) VALUES (4428,'Juventus','DE LIGT','D');
INSERT INTO Calciatore(Id,Squadra,Nome,Ruolo) VALUES (4429,'Brescia','CHANCELLOR','D');
INSERT INTO Calciatore(Id,Squadra,Nome,Ruolo) VALUES (4430,'Udinese','CRISTO GONZALEZ','A');
INSERT INTO Calciatore(Id,Squadra,Nome,Ruolo) VALUES (4432,'Atalanta','OKOLI','D');
INSERT INTO Calciatore(Id,Squadra,Nome,Ruolo) VALUES (4433,'Atalanta','ZORTEA','D');
INSERT INTO Calciatore(Id,Squadra,Nome,Ruolo) VALUES (4435,'Atalanta','COLLEY E','C');
INSERT INTO Calciatore(Id,Squadra,Nome,Ruolo) VALUES (4436,'Atalanta','CAMBIAGHI','A');
INSERT INTO Calciatore(Id,Squadra,Nome,Ruolo) VALUES (4438,'Bologna','CASSANDRO','D');
INSERT INTO Calciatore(Id,Squadra,Nome,Ruolo) VALUES (4440,'Brescia','ALFONSO','P');
INSERT INTO Calciatore(Id,Squadra,Nome,Ruolo) VALUES (4441,'Brescia','ANDRENACCI','P');
INSERT INTO Calciatore(Id,Squadra,Nome,Ruolo) VALUES (4442,'Brescia','CISTANA','D');
INSERT INTO Calciatore(Id,Squadra,Nome,Ruolo) VALUES (4443,'Brescia','CURCIO','D');
INSERT INTO Calciatore(Id,Squadra,Nome,Ruolo) VALUES (4444,'Brescia','SEMPRINI','D');
INSERT INTO Calciatore(Id,Squadra,Nome,Ruolo) VALUES (4445,'Brescia','BISOLI','C');
INSERT INTO Calciatore(Id,Squadra,Nome,Ruolo) VALUES (4447,'Brescia','NDOJ','C');
INSERT INTO Calciatore(Id,Squadra,Nome,Ruolo) VALUES (4448,'Brescia','SPALEK','C');
INSERT INTO Calciatore(Id,Squadra,Nome,Ruolo) VALUES (4449,'Brescia','TONALI','C');
INSERT INTO Calciatore(Id,Squadra,Nome,Ruolo) VALUES (4450,'Brescia','TREMOLADA','C');
INSERT INTO Calciatore(Id,Squadra,Nome,Ruolo) VALUES (4451,'Brescia','VIVIANI M','C');
INSERT INTO Calciatore(Id,Squadra,Nome,Ruolo) VALUES (4452,'Brescia','DONNARUMMA AL','A');
INSERT INTO Calciatore(Id,Squadra,Nome,Ruolo) VALUES (4453,'Brescia','TORREGROSSA','A');
INSERT INTO Calciatore(Id,Squadra,Nome,Ruolo) VALUES (4454,'Cagliari','PINNA','D');
INSERT INTO Calciatore(Id,Squadra,Nome,Ruolo) VALUES (4455,'Cagliari','RAGATZU','A');
INSERT INTO Calciatore(Id,Squadra,Nome,Ruolo) VALUES (4456,'Fiorentina','MELI','C');
INSERT INTO Calciatore(Id,Squadra,Nome,Ruolo) VALUES (4458,'Genoa','CANDELA','D');
INSERT INTO Calciatore(Id,Squadra,Nome,Ruolo) VALUES (4459,'Genoa','ROVELLA','C');
INSERT INTO Calciatore(Id,Squadra,Nome,Ruolo) VALUES (4460,'Genoa','SCHAFER','C');
INSERT INTO Calciatore(Id,Squadra,Nome,Ruolo) VALUES (4461,'Inter','ZAPPA','D');
INSERT INTO Calciatore(Id,Squadra,Nome,Ruolo) VALUES (4462,'Sampdoria','POMPETTI','C');
INSERT INTO Calciatore(Id,Squadra,Nome,Ruolo) VALUES (4463,'Inter','ESPOSITO SE','A');
INSERT INTO Calciatore(Id,Squadra,Nome,Ruolo) VALUES (4464,'Inter','MEROLA','A');
INSERT INTO Calciatore(Id,Squadra,Nome,Ruolo) VALUES (4465,'Juventus','FAGIOLI','C');
INSERT INTO Calciatore(Id,Squadra,Nome,Ruolo) VALUES (4466,'Juventus','PETRELLI','A');
INSERT INTO Calciatore(Id,Squadra,Nome,Ruolo) VALUES (4467,'Lazio','JORGE SILVA','D');
INSERT INTO Calciatore(Id,Squadra,Nome,Ruolo) VALUES (4468,'Lecce','BLEVE','P');
INSERT INTO Calciatore(Id,Squadra,Nome,Ruolo) VALUES (4469,'Lecce','MILLI','P');
INSERT INTO Calciatore(Id,Squadra,Nome,Ruolo) VALUES (4470,'Lecce','CALDERONI','D');
INSERT INTO Calciatore(Id,Squadra,Nome,Ruolo) VALUES (4471,'Lecce','COSENZA','D');
INSERT INTO Calciatore(Id,Squadra,Nome,Ruolo) VALUES (4472,'Lecce','MECCARIELLO','D');
INSERT INTO Calciatore(Id,Squadra,Nome,Ruolo) VALUES (4473,'Lecce','RICCARDI D','D');
INSERT INTO Calciatore(Id,Squadra,Nome,Ruolo) VALUES (4474,'Lecce','HAYE','C');
INSERT INTO Calciatore(Id,Squadra,Nome,Ruolo) VALUES (4475,'Lecce','MAJER','C');
INSERT INTO Calciatore(Id,Squadra,Nome,Ruolo) VALUES (4476,'Lecce','TABANELLI','C');
INSERT INTO Calciatore(Id,Squadra,Nome,Ruolo) VALUES (4477,'Lecce','LA MANTIA','A');
INSERT INTO Calciatore(Id,Squadra,Nome,Ruolo) VALUES (4479,'Napoli','ELMAS','C');
INSERT INTO Calciatore(Id,Squadra,Nome,Ruolo) VALUES (4480,'Parma','MINELLI','D');
INSERT INTO Calciatore(Id,Squadra,Nome,Ruolo) VALUES (4481,'Roma','BOUAH','D');
INSERT INTO Calciatore(Id,Squadra,Nome,Ruolo) VALUES (4483,'Bologna','CANGIANO','A');
INSERT INTO Calciatore(Id,Squadra,Nome,Ruolo) VALUES (4484,'Roma','D''ORAZIO','A');
INSERT INTO Calciatore(Id,Squadra,Nome,Ruolo) VALUES (4485,'SPAL','THIAM D','P');
INSERT INTO Calciatore(Id,Squadra,Nome,Ruolo) VALUES (4486,'SPAL','STREFEZZA','C');
INSERT INTO Calciatore(Id,Squadra,Nome,Ruolo) VALUES (4487,'Torino','FERIGRA','D');
INSERT INTO Calciatore(Id,Squadra,Nome,Ruolo) VALUES (4488,'Torino','GILLI','D');
INSERT INTO Calciatore(Id,Squadra,Nome,Ruolo) VALUES (4489,'Torino','RAUTI','A');
INSERT INTO Calciatore(Id,Squadra,Nome,Ruolo) VALUES (4490,'Torino','DE ANGELIS','C');
INSERT INTO Calciatore(Id,Squadra,Nome,Ruolo) VALUES (4491,'Verona','BERARDI A','P');
INSERT INTO Calciatore(Id,Squadra,Nome,Ruolo) VALUES (4492,'Verona','BALKOVEC','D');
INSERT INTO Calciatore(Id,Squadra,Nome,Ruolo) VALUES (4493,'Verona','DAWIDOWICZ','D');
INSERT INTO Calciatore(Id,Squadra,Nome,Ruolo) VALUES (4494,'Verona','EMPEREUR','D');
INSERT INTO Calciatore(Id,Squadra,Nome,Ruolo) VALUES (4495,'Verona','KUMBULLA','D');
INSERT INTO Calciatore(Id,Squadra,Nome,Ruolo) VALUES (4496,'Verona','VITALE L','D');
INSERT INTO Calciatore(Id,Squadra,Nome,Ruolo) VALUES (4498,'Verona','HENDERSON L','C');
INSERT INTO Calciatore(Id,Squadra,Nome,Ruolo) VALUES (4499,'Verona','LUCAS FELIPPE','C');
INSERT INTO Calciatore(Id,Squadra,Nome,Ruolo) VALUES (4500,'Verona','DI CARMINE','A');
INSERT INTO Calciatore(Id,Squadra,Nome,Ruolo) VALUES (4501,'Sassuolo','OBIANG','C');
INSERT INTO Calciatore(Id,Squadra,Nome,Ruolo) VALUES (4502,'Lecce','GALLO','D');
INSERT INTO Calciatore(Id,Squadra,Nome,Ruolo) VALUES (4504,'Brescia','MANGRAVITI','D');
INSERT INTO Calciatore(Id,Squadra,Nome,Ruolo) VALUES (4505,'Fiorentina','KOFFI','A');
INSERT INTO Calciatore(Id,Squadra,Nome,Ruolo) VALUES (4506,'Fiorentina','LAKTI','C');
INSERT INTO Calciatore(Id,Squadra,Nome,Ruolo) VALUES (4507,'Verona','TUTINO','A');
INSERT INTO Calciatore(Id,Squadra,Nome,Ruolo) VALUES (4508,'Sampdoria','BAHLOULI','A');
INSERT INTO Calciatore(Id,Squadra,Nome,Ruolo) VALUES (4509,'Lazio','CIPRIANO','D');
INSERT INTO Calciatore(Id,Squadra,Nome,Ruolo) VALUES (4510,'Milan','RAFAEL LEAO','A');
INSERT INTO Calciatore(Id,Squadra,Nome,Ruolo) VALUES (4511,'Milan','DUARTE','D');
INSERT INTO Calciatore(Id,Squadra,Nome,Ruolo) VALUES (4512,'Genoa','SCHONE','C');
INSERT INTO Calciatore(Id,Squadra,Nome,Ruolo) VALUES (4513,'Brescia','ZMRHAL','C');
INSERT INTO Calciatore(Id,Squadra,Nome,Ruolo) VALUES (4514,'Cagliari','NANDEZ','C');
INSERT INTO Calciatore(Id,Squadra,Nome,Ruolo) VALUES (4515,'Genoa','AGUDELO','C');
INSERT INTO Calciatore(Id,Squadra,Nome,Ruolo) VALUES (4516,'Atalanta','SKRTEL','D');
INSERT INTO Calciatore(Id,Squadra,Nome,Ruolo) VALUES (4517,'Napoli','LOZANO','A');
INSERT INTO Calciatore(Id,Squadra,Nome,Ruolo) VALUES (4518,'Sassuolo','RUSSO A','P');
INSERT INTO Calciatore(Id,Squadra,Nome,Ruolo) VALUES (4519,'Roma','CETIN','D');
INSERT INTO Calciatore(Id,Squadra,Nome,Ruolo) VALUES (4520,'SPAL','LETICA','P');
INSERT INTO Calciatore(Id,Squadra,Nome,Ruolo) VALUES (4521,'Sassuolo','MULDUR','D');
INSERT INTO Calciatore(Id,Squadra,Nome,Ruolo) VALUES (4522,'Verona','AMRABAT','C');
INSERT INTO Calciatore(Id,Squadra,Nome,Ruolo) VALUES (4523,'Sampdoria','AVOGADRI','P');
INSERT INTO Calciatore(Id,Squadra,Nome,Ruolo) VALUES (4524,'Udinese','SEMA','C');
INSERT INTO Calciatore(Id,Squadra,Nome,Ruolo) VALUES (4525,'Torino','GEMELLO','P');
INSERT INTO Calciatore(Id,Squadra,Nome,Ruolo) VALUES (4526,'Atalanta','ARANA','D');
INSERT INTO Calciatore(Id,Squadra,Nome,Ruolo) VALUES (4527,'Fiorentina','PEDRO','A');
INSERT INTO Calciatore(Id,Squadra,Nome,Ruolo) VALUES (4528,'Verona','GASOLINA WESLEY','D');
INSERT INTO Calciatore(Id,Squadra,Nome,Ruolo) VALUES (4529,'Genoa','ANKERSEN','D');
INSERT INTO Calciatore(Id,Squadra,Nome,Ruolo) VALUES (4530,'Sassuolo','KYRIAKOPOULOS','D');
INSERT INTO Calciatore(Id,Squadra,Nome,Ruolo) VALUES (4862,'Atalanta','TRAORE'' AM','A');
INSERT INTO Calciatore(Id,Squadra,Nome,Ruolo) VALUES (4865,'Genoa','CLEONISE','A');
INSERT INTO Calciatore(Id,Squadra,Nome,Ruolo) VALUES (4866,'Lecce','DUBICKAS','A');
INSERT INTO Calciatore(Id,Squadra,Nome,Ruolo) VALUES (4867,'Sassuolo','TURATI','P');
INSERT INTO Calciatore(Id,Squadra,Nome,Ruolo) VALUES (4868,'SPAL','TUNJOV','C');
-- Here the calciatori are inserted into the calciatore_fantasquadra relationship
INSERT INTO Calciatore_Fantasquadra(Calciatore_id,Fantasquadra_id) VALUES (2468, 42007);
INSERT INTO Calciatore_Fantasquadra(Calciatore_id,Fantasquadra_id) VALUES (4867, 42007);
INSERT INTO Calciatore_Fantasquadra(Calciatore_id,Fantasquadra_id) VALUES (4468, 42007);
INSERT INTO Calciatore_Fantasquadra(Calciatore_id,Fantasquadra_id) VALUES (4458, 42007);
INSERT INTO Calciatore_Fantasquadra(Calciatore_id,Fantasquadra_id) VALUES (4530, 42007);
INSERT INTO Calciatore_Fantasquadra(Calciatore_id,Fantasquadra_id) VALUES (2756, 42007);
INSERT INTO Calciatore_Fantasquadra(Calciatore_id,Fantasquadra_id) VALUES (4495, 42007);
INSERT INTO Calciatore_Fantasquadra(Calciatore_id,Fantasquadra_id) VALUES (4444, 42007);
INSERT INTO Calciatore_Fantasquadra(Calciatore_id,Fantasquadra_id) VALUES (2309, 42007);
INSERT INTO Calciatore_Fantasquadra(Calciatore_id,Fantasquadra_id) VALUES (1979, 42007);
INSERT INTO Calciatore_Fantasquadra(Calciatore_id,Fantasquadra_id) VALUES (4528, 42007);
INSERT INTO Calciatore_Fantasquadra(Calciatore_id,Fantasquadra_id) VALUES (4516, 42007);
INSERT INTO Calciatore_Fantasquadra(Calciatore_id,Fantasquadra_id) VALUES (4522, 42007);
INSERT INTO Calciatore_Fantasquadra(Calciatore_id,Fantasquadra_id) VALUES (2291, 42007);
INSERT INTO Calciatore_Fantasquadra(Calciatore_id,Fantasquadra_id) VALUES (2771, 42007);
INSERT INTO Calciatore_Fantasquadra(Calciatore_id,Fantasquadra_id) VALUES (589, 42007);
INSERT INTO Calciatore_Fantasquadra(Calciatore_id,Fantasquadra_id) VALUES (2306, 42007);
INSERT INTO Calciatore_Fantasquadra(Calciatore_id,Fantasquadra_id) VALUES (111, 42007);
INSERT INTO Calciatore_Fantasquadra(Calciatore_id,Fantasquadra_id) VALUES (1996, 42007);
INSERT INTO Calciatore_Fantasquadra(Calciatore_id,Fantasquadra_id) VALUES (2187, 42007);
INSERT INTO Calciatore_Fantasquadra(Calciatore_id,Fantasquadra_id) VALUES (2832, 42007);
INSERT INTO Calciatore_Fantasquadra(Calciatore_id,Fantasquadra_id) VALUES (4500, 42007);
INSERT INTO Calciatore_Fantasquadra(Calciatore_id,Fantasquadra_id) VALUES (4862, 42007);
INSERT INTO Calciatore_Fantasquadra(Calciatore_id,Fantasquadra_id) VALUES (2097, 42007);
INSERT INTO Calciatore_Fantasquadra(Calciatore_id,Fantasquadra_id) VALUES (312, 42007);
INSERT INTO Calciatore_Fantasquadra(Calciatore_id,Fantasquadra_id) VALUES (261, 42008);
INSERT INTO Calciatore_Fantasquadra(Calciatore_id,Fantasquadra_id) VALUES (392, 42008);
INSERT INTO Calciatore_Fantasquadra(Calciatore_id,Fantasquadra_id) VALUES (350, 42008);
INSERT INTO Calciatore_Fantasquadra(Calciatore_id,Fantasquadra_id) VALUES (409, 42008);
INSERT INTO Calciatore_Fantasquadra(Calciatore_id,Fantasquadra_id) VALUES (510, 42008);
INSERT INTO Calciatore_Fantasquadra(Calciatore_id,Fantasquadra_id) VALUES (2790, 42008);
INSERT INTO Calciatore_Fantasquadra(Calciatore_id,Fantasquadra_id) VALUES (287, 42008);
INSERT INTO Calciatore_Fantasquadra(Calciatore_id,Fantasquadra_id) VALUES (357, 42008);
INSERT INTO Calciatore_Fantasquadra(Calciatore_id,Fantasquadra_id) VALUES (2335, 42008);
INSERT INTO Calciatore_Fantasquadra(Calciatore_id,Fantasquadra_id) VALUES (393, 42008);
INSERT INTO Calciatore_Fantasquadra(Calciatore_id,Fantasquadra_id) VALUES (630, 42008);
INSERT INTO Calciatore_Fantasquadra(Calciatore_id,Fantasquadra_id) VALUES (4374, 42008);
INSERT INTO Calciatore_Fantasquadra(Calciatore_id,Fantasquadra_id) VALUES (170, 42008);
INSERT INTO Calciatore_Fantasquadra(Calciatore_id,Fantasquadra_id) VALUES (2726, 42008);
INSERT INTO Calciatore_Fantasquadra(Calciatore_id,Fantasquadra_id) VALUES (1850, 42008);
INSERT INTO Calciatore_Fantasquadra(Calciatore_id,Fantasquadra_id) VALUES (827, 42008);
INSERT INTO Calciatore_Fantasquadra(Calciatore_id,Fantasquadra_id) VALUES (4447, 42008);
INSERT INTO Calciatore_Fantasquadra(Calciatore_id,Fantasquadra_id) VALUES (2409, 42008);
INSERT INTO Calciatore_Fantasquadra(Calciatore_id,Fantasquadra_id) VALUES (621, 42008);
INSERT INTO Calciatore_Fantasquadra(Calciatore_id,Fantasquadra_id) VALUES (4512, 42008);
INSERT INTO Calciatore_Fantasquadra(Calciatore_id,Fantasquadra_id) VALUES (4865, 42008);
INSERT INTO Calciatore_Fantasquadra(Calciatore_id,Fantasquadra_id) VALUES (643, 42008);
INSERT INTO Calciatore_Fantasquadra(Calciatore_id,Fantasquadra_id) VALUES (4452, 42008);
INSERT INTO Calciatore_Fantasquadra(Calciatore_id,Fantasquadra_id) VALUES (652, 42008);
INSERT INTO Calciatore_Fantasquadra(Calciatore_id,Fantasquadra_id) VALUES (507, 42008);
INSERT INTO Calciatore_Fantasquadra(Calciatore_id,Fantasquadra_id) VALUES (392, 42009);
INSERT INTO Calciatore_Fantasquadra(Calciatore_id,Fantasquadra_id) VALUES (2841, 42009);
INSERT INTO Calciatore_Fantasquadra(Calciatore_id,Fantasquadra_id) VALUES (785, 42009);
INSERT INTO Calciatore_Fantasquadra(Calciatore_id,Fantasquadra_id) VALUES (1946, 42009);
INSERT INTO Calciatore_Fantasquadra(Calciatore_id,Fantasquadra_id) VALUES (412, 42009);
INSERT INTO Calciatore_Fantasquadra(Calciatore_id,Fantasquadra_id) VALUES (543, 42009);
INSERT INTO Calciatore_Fantasquadra(Calciatore_id,Fantasquadra_id) VALUES (2104, 42009);
INSERT INTO Calciatore_Fantasquadra(Calciatore_id,Fantasquadra_id) VALUES (487, 42009);
INSERT INTO Calciatore_Fantasquadra(Calciatore_id,Fantasquadra_id) VALUES (4332, 42009);
INSERT INTO Calciatore_Fantasquadra(Calciatore_id,Fantasquadra_id) VALUES (73, 42009);
INSERT INTO Calciatore_Fantasquadra(Calciatore_id,Fantasquadra_id) VALUES (141, 42009);
INSERT INTO Calciatore_Fantasquadra(Calciatore_id,Fantasquadra_id) VALUES (4454, 42009);
INSERT INTO Calciatore_Fantasquadra(Calciatore_id,Fantasquadra_id) VALUES (261, 42009);
INSERT INTO Calciatore_Fantasquadra(Calciatore_id,Fantasquadra_id) VALUES (2166, 42009);
INSERT INTO Calciatore_Fantasquadra(Calciatore_id,Fantasquadra_id) VALUES (331, 42009);
INSERT INTO Calciatore_Fantasquadra(Calciatore_id,Fantasquadra_id) VALUES (779, 42009);
INSERT INTO Calciatore_Fantasquadra(Calciatore_id,Fantasquadra_id) VALUES (713, 42009);
INSERT INTO Calciatore_Fantasquadra(Calciatore_id,Fantasquadra_id) VALUES (1850, 42009);
INSERT INTO Calciatore_Fantasquadra(Calciatore_id,Fantasquadra_id) VALUES (4475, 42009);
INSERT INTO Calciatore_Fantasquadra(Calciatore_id,Fantasquadra_id) VALUES (4501, 42009);
INSERT INTO Calciatore_Fantasquadra(Calciatore_id,Fantasquadra_id) VALUES (150, 42009);
INSERT INTO Calciatore_Fantasquadra(Calciatore_id,Fantasquadra_id) VALUES (1958, 42009);
INSERT INTO Calciatore_Fantasquadra(Calciatore_id,Fantasquadra_id) VALUES (647, 42009);
INSERT INTO Calciatore_Fantasquadra(Calciatore_id,Fantasquadra_id) VALUES (1939, 42009);
INSERT INTO Calciatore_Fantasquadra(Calciatore_id,Fantasquadra_id) VALUES (4324, 42009);

INSERT INTO Calciatore_Fantasquadra(Calciatore_id,Fantasquadra_id) VALUES (453, 42010);
INSERT INTO Calciatore_Fantasquadra(Calciatore_id,Fantasquadra_id) VALUES (2270, 42010);
INSERT INTO Calciatore_Fantasquadra(Calciatore_id,Fantasquadra_id) VALUES (1934, 42010);
INSERT INTO Calciatore_Fantasquadra(Calciatore_id,Fantasquadra_id) VALUES (1847, 42010);
INSERT INTO Calciatore_Fantasquadra(Calciatore_id,Fantasquadra_id) VALUES (2759, 42010);
INSERT INTO Calciatore_Fantasquadra(Calciatore_id,Fantasquadra_id) VALUES (254, 42010);
INSERT INTO Calciatore_Fantasquadra(Calciatore_id,Fantasquadra_id) VALUES (4528, 42010);
INSERT INTO Calciatore_Fantasquadra(Calciatore_id,Fantasquadra_id) VALUES (2214, 42010);
INSERT INTO Calciatore_Fantasquadra(Calciatore_id,Fantasquadra_id) VALUES (4373, 42010);
INSERT INTO Calciatore_Fantasquadra(Calciatore_id,Fantasquadra_id) VALUES (2164, 42010);
INSERT INTO Calciatore_Fantasquadra(Calciatore_id,Fantasquadra_id) VALUES (2728, 42010);
INSERT INTO Calciatore_Fantasquadra(Calciatore_id,Fantasquadra_id) VALUES (1870, 42010);
INSERT INTO Calciatore_Fantasquadra(Calciatore_id,Fantasquadra_id) VALUES (4377, 42010);
INSERT INTO Calciatore_Fantasquadra(Calciatore_id,Fantasquadra_id) VALUES (526, 42010);
INSERT INTO Calciatore_Fantasquadra(Calciatore_id,Fantasquadra_id) VALUES (4405, 42010);
INSERT INTO Calciatore_Fantasquadra(Calciatore_id,Fantasquadra_id) VALUES (2741, 42010);
INSERT INTO Calciatore_Fantasquadra(Calciatore_id,Fantasquadra_id) VALUES (181, 42010);
INSERT INTO Calciatore_Fantasquadra(Calciatore_id,Fantasquadra_id) VALUES (305, 42010);
INSERT INTO Calciatore_Fantasquadra(Calciatore_id,Fantasquadra_id) VALUES (4383, 42010);
INSERT INTO Calciatore_Fantasquadra(Calciatore_id,Fantasquadra_id) VALUES (819, 42010);
INSERT INTO Calciatore_Fantasquadra(Calciatore_id,Fantasquadra_id) VALUES (2325, 42010);
INSERT INTO Calciatore_Fantasquadra(Calciatore_id,Fantasquadra_id) VALUES (280, 42010);
INSERT INTO Calciatore_Fantasquadra(Calciatore_id,Fantasquadra_id) VALUES (537, 42010);
INSERT INTO Calciatore_Fantasquadra(Calciatore_id,Fantasquadra_id) VALUES (608, 42010);
INSERT INTO Calciatore_Fantasquadra(Calciatore_id,Fantasquadra_id) VALUES (2762, 42010);
-- Here the Statistiche are added
INSERT INTO Statistiche(Calciatore_Id,Partite_giocate,Gol_fatti,Gol_subiti,Rigori_parati,Rigori_sbagliati,Assist,Ammonizioni,Espulsioni,Autogol) VALUES (3,0,0,0,0,0,0,0,0,0);
INSERT INTO Statistiche(Calciatore_Id,Partite_giocate,Gol_fatti,Gol_subiti,Rigori_parati,Rigori_sbagliati,Assist,Ammonizioni,Espulsioni,Autogol) VALUES (4,1,0,1,0,0,0,0,0,0);
INSERT INTO Statistiche(Calciatore_Id,Partite_giocate,Gol_fatti,Gol_subiti,Rigori_parati,Rigori_sbagliati,Assist,Ammonizioni,Espulsioni,Autogol) VALUES (5,0,0,0,0,0,0,0,0,0);
INSERT INTO Statistiche(Calciatore_Id,Partite_giocate,Gol_fatti,Gol_subiti,Rigori_parati,Rigori_sbagliati,Assist,Ammonizioni,Espulsioni,Autogol) VALUES (11,9,0,0,0,0,0,2,0,0);
INSERT INTO Statistiche(Calciatore_Id,Partite_giocate,Gol_fatti,Gol_subiti,Rigori_parati,Rigori_sbagliati,Assist,Ammonizioni,Espulsioni,Autogol) VALUES (15,7,0,0,0,0,0,1,0,0);
INSERT INTO Statistiche(Calciatore_Id,Partite_giocate,Gol_fatti,Gol_subiti,Rigori_parati,Rigori_sbagliati,Assist,Ammonizioni,Espulsioni,Autogol) VALUES (20,13,0,0,0,0,3,3,0,0);
INSERT INTO Statistiche(Calciatore_Id,Partite_giocate,Gol_fatti,Gol_subiti,Rigori_parati,Rigori_sbagliati,Assist,Ammonizioni,Espulsioni,Autogol) VALUES (21,4,0,0,0,0,0,0,0,0);
INSERT INTO Statistiche(Calciatore_Id,Partite_giocate,Gol_fatti,Gol_subiti,Rigori_parati,Rigori_sbagliati,Assist,Ammonizioni,Espulsioni,Autogol) VALUES (22,14,1,0,0,0,3,5,0,0);
INSERT INTO Statistiche(Calciatore_Id,Partite_giocate,Gol_fatti,Gol_subiti,Rigori_parati,Rigori_sbagliati,Assist,Ammonizioni,Espulsioni,Autogol) VALUES (26,15,4,0,0,0,4,1,0,0);
INSERT INTO Statistiche(Calciatore_Id,Partite_giocate,Gol_fatti,Gol_subiti,Rigori_parati,Rigori_sbagliati,Assist,Ammonizioni,Espulsioni,Autogol) VALUES (27,6,0,0,0,0,0,2,0,0);
INSERT INTO Statistiche(Calciatore_Id,Partite_giocate,Gol_fatti,Gol_subiti,Rigori_parati,Rigori_sbagliati,Assist,Ammonizioni,Espulsioni,Autogol) VALUES (28,14,2,0,0,0,0,5,0,0);
INSERT INTO Statistiche(Calciatore_Id,Partite_giocate,Gol_fatti,Gol_subiti,Rigori_parati,Rigori_sbagliati,Assist,Ammonizioni,Espulsioni,Autogol) VALUES (40,0,0,0,0,0,0,0,0,0);
INSERT INTO Statistiche(Calciatore_Id,Partite_giocate,Gol_fatti,Gol_subiti,Rigori_parati,Rigori_sbagliati,Assist,Ammonizioni,Espulsioni,Autogol) VALUES (41,1,0,0,0,0,0,0,0,0);
INSERT INTO Statistiche(Calciatore_Id,Partite_giocate,Gol_fatti,Gol_subiti,Rigori_parati,Rigori_sbagliati,Assist,Ammonizioni,Espulsioni,Autogol) VALUES (42,0,0,0,0,0,0,0,0,0);
INSERT INTO Statistiche(Calciatore_Id,Partite_giocate,Gol_fatti,Gol_subiti,Rigori_parati,Rigori_sbagliati,Assist,Ammonizioni,Espulsioni,Autogol) VALUES (45,12,0,0,0,0,0,4,0,0);
INSERT INTO Statistiche(Calciatore_Id,Partite_giocate,Gol_fatti,Gol_subiti,Rigori_parati,Rigori_sbagliati,Assist,Ammonizioni,Espulsioni,Autogol) VALUES (47,4,0,0,0,0,0,0,0,0);
INSERT INTO Statistiche(Calciatore_Id,Partite_giocate,Gol_fatti,Gol_subiti,Rigori_parati,Rigori_sbagliati,Assist,Ammonizioni,Espulsioni,Autogol) VALUES (50,7,0,0,0,0,1,1,0,0);
INSERT INTO Statistiche(Calciatore_Id,Partite_giocate,Gol_fatti,Gol_subiti,Rigori_parati,Rigori_sbagliati,Assist,Ammonizioni,Espulsioni,Autogol) VALUES (54,15,0,0,0,0,1,5,0,0);
INSERT INTO Statistiche(Calciatore_Id,Partite_giocate,Gol_fatti,Gol_subiti,Rigori_parati,Rigori_sbagliati,Assist,Ammonizioni,Espulsioni,Autogol) VALUES (57,0,0,0,0,0,0,0,0,0);
INSERT INTO Statistiche(Calciatore_Id,Partite_giocate,Gol_fatti,Gol_subiti,Rigori_parati,Rigori_sbagliati,Assist,Ammonizioni,Espulsioni,Autogol) VALUES (58,8,0,0,0,0,0,1,0,0);
INSERT INTO Statistiche(Calciatore_Id,Partite_giocate,Gol_fatti,Gol_subiti,Rigori_parati,Rigori_sbagliati,Assist,Ammonizioni,Espulsioni,Autogol) VALUES (60,0,0,0,0,0,0,0,0,0);
INSERT INTO Statistiche(Calciatore_Id,Partite_giocate,Gol_fatti,Gol_subiti,Rigori_parati,Rigori_sbagliati,Assist,Ammonizioni,Espulsioni,Autogol) VALUES (65,12,5,0,0,0,0,2,0,0);
INSERT INTO Statistiche(Calciatore_Id,Partite_giocate,Gol_fatti,Gol_subiti,Rigori_parati,Rigori_sbagliati,Assist,Ammonizioni,Espulsioni,Autogol) VALUES (73,14,1,0,0,0,2,4,0,0);
INSERT INTO Statistiche(Calciatore_Id,Partite_giocate,Gol_fatti,Gol_subiti,Rigori_parati,Rigori_sbagliati,Assist,Ammonizioni,Espulsioni,Autogol) VALUES (81,0,0,0,0,0,0,0,0,0);
INSERT INTO Statistiche(Calciatore_Id,Partite_giocate,Gol_fatti,Gol_subiti,Rigori_parati,Rigori_sbagliati,Assist,Ammonizioni,Espulsioni,Autogol) VALUES (84,0,0,0,0,0,0,0,0,0);
INSERT INTO Statistiche(Calciatore_Id,Partite_giocate,Gol_fatti,Gol_subiti,Rigori_parati,Rigori_sbagliati,Assist,Ammonizioni,Espulsioni,Autogol) VALUES (90,15,3,0,0,0,0,0,0,0);
INSERT INTO Statistiche(Calciatore_Id,Partite_giocate,Gol_fatti,Gol_subiti,Rigori_parati,Rigori_sbagliati,Assist,Ammonizioni,Espulsioni,Autogol) VALUES (92,0,0,0,0,0,0,0,0,0);
INSERT INTO Statistiche(Calciatore_Id,Partite_giocate,Gol_fatti,Gol_subiti,Rigori_parati,Rigori_sbagliati,Assist,Ammonizioni,Espulsioni,Autogol) VALUES (97,0,0,0,0,0,0,0,0,0);
INSERT INTO Statistiche(Calciatore_Id,Partite_giocate,Gol_fatti,Gol_subiti,Rigori_parati,Rigori_sbagliati,Assist,Ammonizioni,Espulsioni,Autogol) VALUES (99,10,0,0,0,0,0,0,1,0);
INSERT INTO Statistiche(Calciatore_Id,Partite_giocate,Gol_fatti,Gol_subiti,Rigori_parati,Rigori_sbagliati,Assist,Ammonizioni,Espulsioni,Autogol) VALUES (106,2,0,0,0,0,0,0,0,0);
INSERT INTO Statistiche(Calciatore_Id,Partite_giocate,Gol_fatti,Gol_subiti,Rigori_parati,Rigori_sbagliati,Assist,Ammonizioni,Espulsioni,Autogol) VALUES (111,2,0,0,0,0,0,0,0,0);
INSERT INTO Statistiche(Calciatore_Id,Partite_giocate,Gol_fatti,Gol_subiti,Rigori_parati,Rigori_sbagliati,Assist,Ammonizioni,Espulsioni,Autogol) VALUES (112,13,2,0,0,0,0,2,0,0);
INSERT INTO Statistiche(Calciatore_Id,Partite_giocate,Gol_fatti,Gol_subiti,Rigori_parati,Rigori_sbagliati,Assist,Ammonizioni,Espulsioni,Autogol) VALUES (118,14,0,0,0,0,0,2,0,0);
INSERT INTO Statistiche(Calciatore_Id,Partite_giocate,Gol_fatti,Gol_subiti,Rigori_parati,Rigori_sbagliati,Assist,Ammonizioni,Espulsioni,Autogol) VALUES (123,8,2,0,0,1,0,0,0,0);
INSERT INTO Statistiche(Calciatore_Id,Partite_giocate,Gol_fatti,Gol_subiti,Rigori_parati,Rigori_sbagliati,Assist,Ammonizioni,Espulsioni,Autogol) VALUES (126,7,0,0,0,0,0,0,0,0);
INSERT INTO Statistiche(Calciatore_Id,Partite_giocate,Gol_fatti,Gol_subiti,Rigori_parati,Rigori_sbagliati,Assist,Ammonizioni,Espulsioni,Autogol) VALUES (133,16,0,27,0,0,0,1,0,0);
INSERT INTO Statistiche(Calciatore_Id,Partite_giocate,Gol_fatti,Gol_subiti,Rigori_parati,Rigori_sbagliati,Assist,Ammonizioni,Espulsioni,Autogol) VALUES (139,7,0,0,0,0,0,1,0,0);
INSERT INTO Statistiche(Calciatore_Id,Partite_giocate,Gol_fatti,Gol_subiti,Rigori_parati,Rigori_sbagliati,Assist,Ammonizioni,Espulsioni,Autogol) VALUES (140,5,0,0,0,0,0,1,0,0);
INSERT INTO Statistiche(Calciatore_Id,Partite_giocate,Gol_fatti,Gol_subiti,Rigori_parati,Rigori_sbagliati,Assist,Ammonizioni,Espulsioni,Autogol) VALUES (141,4,0,0,0,0,0,1,0,0);
INSERT INTO Statistiche(Calciatore_Id,Partite_giocate,Gol_fatti,Gol_subiti,Rigori_parati,Rigori_sbagliati,Assist,Ammonizioni,Espulsioni,Autogol) VALUES (142,7,0,0,0,0,1,3,0,0);
INSERT INTO Statistiche(Calciatore_Id,Partite_giocate,Gol_fatti,Gol_subiti,Rigori_parati,Rigori_sbagliati,Assist,Ammonizioni,Espulsioni,Autogol) VALUES (144,0,0,0,0,0,0,0,0,0);
INSERT INTO Statistiche(Calciatore_Id,Partite_giocate,Gol_fatti,Gol_subiti,Rigori_parati,Rigori_sbagliati,Assist,Ammonizioni,Espulsioni,Autogol) VALUES (148,6,0,0,0,0,1,2,0,0);
INSERT INTO Statistiche(Calciatore_Id,Partite_giocate,Gol_fatti,Gol_subiti,Rigori_parati,Rigori_sbagliati,Assist,Ammonizioni,Espulsioni,Autogol) VALUES (150,4,0,0,0,0,0,1,0,0);
INSERT INTO Statistiche(Calciatore_Id,Partite_giocate,Gol_fatti,Gol_subiti,Rigori_parati,Rigori_sbagliati,Assist,Ammonizioni,Espulsioni,Autogol) VALUES (152,16,1,0,0,0,1,2,0,0);
INSERT INTO Statistiche(Calciatore_Id,Partite_giocate,Gol_fatti,Gol_subiti,Rigori_parati,Rigori_sbagliati,Assist,Ammonizioni,Espulsioni,Autogol) VALUES (159,16,0,19,1,0,0,1,0,0);
INSERT INTO Statistiche(Calciatore_Id,Partite_giocate,Gol_fatti,Gol_subiti,Rigori_parati,Rigori_sbagliati,Assist,Ammonizioni,Espulsioni,Autogol) VALUES (169,14,0,0,0,0,1,5,0,1);
INSERT INTO Statistiche(Calciatore_Id,Partite_giocate,Gol_fatti,Gol_subiti,Rigori_parati,Rigori_sbagliati,Assist,Ammonizioni,Espulsioni,Autogol) VALUES (170,15,0,0,0,0,0,1,0,0);
INSERT INTO Statistiche(Calciatore_Id,Partite_giocate,Gol_fatti,Gol_subiti,Rigori_parati,Rigori_sbagliati,Assist,Ammonizioni,Espulsioni,Autogol) VALUES (172,4,1,0,0,0,0,1,0,0);
INSERT INTO Statistiche(Calciatore_Id,Partite_giocate,Gol_fatti,Gol_subiti,Rigori_parati,Rigori_sbagliati,Assist,Ammonizioni,Espulsioni,Autogol) VALUES (173,0,0,0,0,0,0,0,0,0);
INSERT INTO Statistiche(Calciatore_Id,Partite_giocate,Gol_fatti,Gol_subiti,Rigori_parati,Rigori_sbagliati,Assist,Ammonizioni,Espulsioni,Autogol) VALUES (177,12,5,0,0,0,2,1,1,0);
INSERT INTO Statistiche(Calciatore_Id,Partite_giocate,Gol_fatti,Gol_subiti,Rigori_parati,Rigori_sbagliati,Assist,Ammonizioni,Espulsioni,Autogol) VALUES (179,13,0,0,0,0,3,5,0,0);
INSERT INTO Statistiche(Calciatore_Id,Partite_giocate,Gol_fatti,Gol_subiti,Rigori_parati,Rigori_sbagliati,Assist,Ammonizioni,Espulsioni,Autogol) VALUES (181,12,1,0,0,0,1,2,0,0);
INSERT INTO Statistiche(Calciatore_Id,Partite_giocate,Gol_fatti,Gol_subiti,Rigori_parati,Rigori_sbagliati,Assist,Ammonizioni,Espulsioni,Autogol) VALUES (183,12,1,0,0,2,0,1,0,0);
INSERT INTO Statistiche(Calciatore_Id,Partite_giocate,Gol_fatti,Gol_subiti,Rigori_parati,Rigori_sbagliati,Assist,Ammonizioni,Espulsioni,Autogol) VALUES (184,14,0,0,0,0,0,2,0,0);
INSERT INTO Statistiche(Calciatore_Id,Partite_giocate,Gol_fatti,Gol_subiti,Rigori_parati,Rigori_sbagliati,Assist,Ammonizioni,Espulsioni,Autogol) VALUES (186,7,0,0,0,0,0,2,0,0);
INSERT INTO Statistiche(Calciatore_Id,Partite_giocate,Gol_fatti,Gol_subiti,Rigori_parati,Rigori_sbagliati,Assist,Ammonizioni,Espulsioni,Autogol) VALUES (216,0,0,0,0,0,0,0,0,0);
INSERT INTO Statistiche(Calciatore_Id,Partite_giocate,Gol_fatti,Gol_subiti,Rigori_parati,Rigori_sbagliati,Assist,Ammonizioni,Espulsioni,Autogol) VALUES (218,0,0,0,0,0,0,0,0,0);
INSERT INTO Statistiche(Calciatore_Id,Partite_giocate,Gol_fatti,Gol_subiti,Rigori_parati,Rigori_sbagliati,Assist,Ammonizioni,Espulsioni,Autogol) VALUES (220,0,0,0,0,0,0,0,0,0);
INSERT INTO Statistiche(Calciatore_Id,Partite_giocate,Gol_fatti,Gol_subiti,Rigori_parati,Rigori_sbagliati,Assist,Ammonizioni,Espulsioni,Autogol) VALUES (224,7,0,0,0,0,0,0,0,0);
INSERT INTO Statistiche(Calciatore_Id,Partite_giocate,Gol_fatti,Gol_subiti,Rigori_parati,Rigori_sbagliati,Assist,Ammonizioni,Espulsioni,Autogol) VALUES (226,16,1,0,0,0,0,3,0,0);
INSERT INTO Statistiche(Calciatore_Id,Partite_giocate,Gol_fatti,Gol_subiti,Rigori_parati,Rigori_sbagliati,Assist,Ammonizioni,Espulsioni,Autogol) VALUES (234,11,2,0,0,0,2,0,0,0);
INSERT INTO Statistiche(Calciatore_Id,Partite_giocate,Gol_fatti,Gol_subiti,Rigori_parati,Rigori_sbagliati,Assist,Ammonizioni,Espulsioni,Autogol) VALUES (235,11,0,0,0,0,1,2,0,0);
INSERT INTO Statistiche(Calciatore_Id,Partite_giocate,Gol_fatti,Gol_subiti,Rigori_parati,Rigori_sbagliati,Assist,Ammonizioni,Espulsioni,Autogol) VALUES (236,16,1,0,0,0,1,2,0,0);
INSERT INTO Statistiche(Calciatore_Id,Partite_giocate,Gol_fatti,Gol_subiti,Rigori_parati,Rigori_sbagliati,Assist,Ammonizioni,Espulsioni,Autogol) VALUES (237,8,2,0,0,0,1,1,0,0);
INSERT INTO Statistiche(Calciatore_Id,Partite_giocate,Gol_fatti,Gol_subiti,Rigori_parati,Rigori_sbagliati,Assist,Ammonizioni,Espulsioni,Autogol) VALUES (238,14,0,0,0,0,0,4,0,0);
INSERT INTO Statistiche(Calciatore_Id,Partite_giocate,Gol_fatti,Gol_subiti,Rigori_parati,Rigori_sbagliati,Assist,Ammonizioni,Espulsioni,Autogol) VALUES (241,13,0,0,0,0,1,2,1,0);
INSERT INTO Statistiche(Calciatore_Id,Partite_giocate,Gol_fatti,Gol_subiti,Rigori_parati,Rigori_sbagliati,Assist,Ammonizioni,Espulsioni,Autogol) VALUES (244,15,0,0,0,0,5,4,0,0);
INSERT INTO Statistiche(Calciatore_Id,Partite_giocate,Gol_fatti,Gol_subiti,Rigori_parati,Rigori_sbagliati,Assist,Ammonizioni,Espulsioni,Autogol) VALUES (245,14,3,0,0,0,0,3,1,0);
INSERT INTO Statistiche(Calciatore_Id,Partite_giocate,Gol_fatti,Gol_subiti,Rigori_parati,Rigori_sbagliati,Assist,Ammonizioni,Espulsioni,Autogol) VALUES (247,1,0,0,0,0,0,0,0,0);
INSERT INTO Statistiche(Calciatore_Id,Partite_giocate,Gol_fatti,Gol_subiti,Rigori_parati,Rigori_sbagliati,Assist,Ammonizioni,Espulsioni,Autogol) VALUES (248,0,0,0,0,0,0,0,0,0);
INSERT INTO Statistiche(Calciatore_Id,Partite_giocate,Gol_fatti,Gol_subiti,Rigori_parati,Rigori_sbagliati,Assist,Ammonizioni,Espulsioni,Autogol) VALUES (250,16,0,14,0,0,0,0,0,0);
INSERT INTO Statistiche(Calciatore_Id,Partite_giocate,Gol_fatti,Gol_subiti,Rigori_parati,Rigori_sbagliati,Assist,Ammonizioni,Espulsioni,Autogol) VALUES (252,10,0,0,0,0,2,0,0,0);
INSERT INTO Statistiche(Calciatore_Id,Partite_giocate,Gol_fatti,Gol_subiti,Rigori_parati,Rigori_sbagliati,Assist,Ammonizioni,Espulsioni,Autogol) VALUES (253,11,1,0,0,0,0,4,0,0);
INSERT INTO Statistiche(Calciatore_Id,Partite_giocate,Gol_fatti,Gol_subiti,Rigori_parati,Rigori_sbagliati,Assist,Ammonizioni,Espulsioni,Autogol) VALUES (254,1,0,0,0,0,0,0,0,0);
INSERT INTO Statistiche(Calciatore_Id,Partite_giocate,Gol_fatti,Gol_subiti,Rigori_parati,Rigori_sbagliati,Assist,Ammonizioni,Espulsioni,Autogol) VALUES (256,3,0,0,0,0,0,2,0,0);
INSERT INTO Statistiche(Calciatore_Id,Partite_giocate,Gol_fatti,Gol_subiti,Rigori_parati,Rigori_sbagliati,Assist,Ammonizioni,Espulsioni,Autogol) VALUES (259,9,0,0,0,0,0,1,1,0);
INSERT INTO Statistiche(Calciatore_Id,Partite_giocate,Gol_fatti,Gol_subiti,Rigori_parati,Rigori_sbagliati,Assist,Ammonizioni,Espulsioni,Autogol) VALUES (261,2,0,0,0,0,0,1,0,0);
INSERT INTO Statistiche(Calciatore_Id,Partite_giocate,Gol_fatti,Gol_subiti,Rigori_parati,Rigori_sbagliati,Assist,Ammonizioni,Espulsioni,Autogol) VALUES (262,9,0,0,0,0,0,1,0,0);
INSERT INTO Statistiche(Calciatore_Id,Partite_giocate,Gol_fatti,Gol_subiti,Rigori_parati,Rigori_sbagliati,Assist,Ammonizioni,Espulsioni,Autogol) VALUES (264,0,0,0,0,0,0,0,0,0);
INSERT INTO Statistiche(Calciatore_Id,Partite_giocate,Gol_fatti,Gol_subiti,Rigori_parati,Rigori_sbagliati,Assist,Ammonizioni,Espulsioni,Autogol) VALUES (265,16,2,0,0,0,4,5,0,0);
INSERT INTO Statistiche(Calciatore_Id,Partite_giocate,Gol_fatti,Gol_subiti,Rigori_parati,Rigori_sbagliati,Assist,Ammonizioni,Espulsioni,Autogol) VALUES (272,11,0,0,0,0,0,5,1,0);
INSERT INTO Statistiche(Calciatore_Id,Partite_giocate,Gol_fatti,Gol_subiti,Rigori_parati,Rigori_sbagliati,Assist,Ammonizioni,Espulsioni,Autogol) VALUES (277,0,0,0,0,0,0,0,0,0);
INSERT INTO Statistiche(Calciatore_Id,Partite_giocate,Gol_fatti,Gol_subiti,Rigori_parati,Rigori_sbagliati,Assist,Ammonizioni,Espulsioni,Autogol) VALUES (280,16,5,0,0,0,1,3,0,0);
INSERT INTO Statistiche(Calciatore_Id,Partite_giocate,Gol_fatti,Gol_subiti,Rigori_parati,Rigori_sbagliati,Assist,Ammonizioni,Espulsioni,Autogol) VALUES (281,0,0,0,0,0,0,0,0,0);
INSERT INTO Statistiche(Calciatore_Id,Partite_giocate,Gol_fatti,Gol_subiti,Rigori_parati,Rigori_sbagliati,Assist,Ammonizioni,Espulsioni,Autogol) VALUES (282,7,0,7,0,0,0,0,0,0);
INSERT INTO Statistiche(Calciatore_Id,Partite_giocate,Gol_fatti,Gol_subiti,Rigori_parati,Rigori_sbagliati,Assist,Ammonizioni,Espulsioni,Autogol) VALUES (286,17,3,0,0,0,0,2,0,0);
INSERT INTO Statistiche(Calciatore_Id,Partite_giocate,Gol_fatti,Gol_subiti,Rigori_parati,Rigori_sbagliati,Assist,Ammonizioni,Espulsioni,Autogol) VALUES (287,12,1,0,0,0,0,2,0,0);
INSERT INTO Statistiche(Calciatore_Id,Partite_giocate,Gol_fatti,Gol_subiti,Rigori_parati,Rigori_sbagliati,Assist,Ammonizioni,Espulsioni,Autogol) VALUES (288,1,1,0,0,0,0,0,0,0);
INSERT INTO Statistiche(Calciatore_Id,Partite_giocate,Gol_fatti,Gol_subiti,Rigori_parati,Rigori_sbagliati,Assist,Ammonizioni,Espulsioni,Autogol) VALUES (294,1,0,0,0,0,0,1,0,0);
INSERT INTO Statistiche(Calciatore_Id,Partite_giocate,Gol_fatti,Gol_subiti,Rigori_parati,Rigori_sbagliati,Assist,Ammonizioni,Espulsioni,Autogol) VALUES (295,8,0,0,0,0,1,1,0,0);
INSERT INTO Statistiche(Calciatore_Id,Partite_giocate,Gol_fatti,Gol_subiti,Rigori_parati,Rigori_sbagliati,Assist,Ammonizioni,Espulsioni,Autogol) VALUES (299,12,0,0,0,0,1,3,0,0);
INSERT INTO Statistiche(Calciatore_Id,Partite_giocate,Gol_fatti,Gol_subiti,Rigori_parati,Rigori_sbagliati,Assist,Ammonizioni,Espulsioni,Autogol) VALUES (305,3,1,0,0,0,0,1,0,0);
INSERT INTO Statistiche(Calciatore_Id,Partite_giocate,Gol_fatti,Gol_subiti,Rigori_parati,Rigori_sbagliati,Assist,Ammonizioni,Espulsioni,Autogol) VALUES (306,7,1,0,0,0,0,1,0,0);
INSERT INTO Statistiche(Calciatore_Id,Partite_giocate,Gol_fatti,Gol_subiti,Rigori_parati,Rigori_sbagliati,Assist,Ammonizioni,Espulsioni,Autogol) VALUES (309,15,5,0,0,0,1,3,0,0);
INSERT INTO Statistiche(Calciatore_Id,Partite_giocate,Gol_fatti,Gol_subiti,Rigori_parati,Rigori_sbagliati,Assist,Ammonizioni,Espulsioni,Autogol) VALUES (311,13,3,0,0,0,1,1,0,0);
INSERT INTO Statistiche(Calciatore_Id,Partite_giocate,Gol_fatti,Gol_subiti,Rigori_parati,Rigori_sbagliati,Assist,Ammonizioni,Espulsioni,Autogol) VALUES (312,0,0,0,0,0,0,0,0,0);
INSERT INTO Statistiche(Calciatore_Id,Partite_giocate,Gol_fatti,Gol_subiti,Rigori_parati,Rigori_sbagliati,Assist,Ammonizioni,Espulsioni,Autogol) VALUES (315,12,3,0,0,0,0,3,0,0);
INSERT INTO Statistiche(Calciatore_Id,Partite_giocate,Gol_fatti,Gol_subiti,Rigori_parati,Rigori_sbagliati,Assist,Ammonizioni,Espulsioni,Autogol) VALUES (316,16,0,25,0,0,0,1,0,0);
INSERT INTO Statistiche(Calciatore_Id,Partite_giocate,Gol_fatti,Gol_subiti,Rigori_parati,Rigori_sbagliati,Assist,Ammonizioni,Espulsioni,Autogol) VALUES (317,0,0,0,0,0,0,0,0,0);
INSERT INTO Statistiche(Calciatore_Id,Partite_giocate,Gol_fatti,Gol_subiti,Rigori_parati,Rigori_sbagliati,Assist,Ammonizioni,Espulsioni,Autogol) VALUES (318,0,0,0,0,0,0,0,0,0);
INSERT INTO Statistiche(Calciatore_Id,Partite_giocate,Gol_fatti,Gol_subiti,Rigori_parati,Rigori_sbagliati,Assist,Ammonizioni,Espulsioni,Autogol) VALUES (322,14,1,0,0,0,1,1,0,0);
INSERT INTO Statistiche(Calciatore_Id,Partite_giocate,Gol_fatti,Gol_subiti,Rigori_parati,Rigori_sbagliati,Assist,Ammonizioni,Espulsioni,Autogol) VALUES (327,6,0,0,0,0,0,1,0,0);
INSERT INTO Statistiche(Calciatore_Id,Partite_giocate,Gol_fatti,Gol_subiti,Rigori_parati,Rigori_sbagliati,Assist,Ammonizioni,Espulsioni,Autogol) VALUES (329,13,1,0,0,0,0,3,0,0);
INSERT INTO Statistiche(Calciatore_Id,Partite_giocate,Gol_fatti,Gol_subiti,Rigori_parati,Rigori_sbagliati,Assist,Ammonizioni,Espulsioni,Autogol) VALUES (331,7,0,0,0,0,1,3,0,0);
INSERT INTO Statistiche(Calciatore_Id,Partite_giocate,Gol_fatti,Gol_subiti,Rigori_parati,Rigori_sbagliati,Assist,Ammonizioni,Espulsioni,Autogol) VALUES (332,13,2,0,0,0,2,3,0,0);
INSERT INTO Statistiche(Calciatore_Id,Partite_giocate,Gol_fatti,Gol_subiti,Rigori_parati,Rigori_sbagliati,Assist,Ammonizioni,Espulsioni,Autogol) VALUES (333,8,0,0,0,0,0,2,0,0);
INSERT INTO Statistiche(Calciatore_Id,Partite_giocate,Gol_fatti,Gol_subiti,Rigori_parati,Rigori_sbagliati,Assist,Ammonizioni,Espulsioni,Autogol) VALUES (338,15,0,0,0,0,1,4,0,0);
INSERT INTO Statistiche(Calciatore_Id,Partite_giocate,Gol_fatti,Gol_subiti,Rigori_parati,Rigori_sbagliati,Assist,Ammonizioni,Espulsioni,Autogol) VALUES (342,12,0,0,0,0,0,4,0,0);
INSERT INTO Statistiche(Calciatore_Id,Partite_giocate,Gol_fatti,Gol_subiti,Rigori_parati,Rigori_sbagliati,Assist,Ammonizioni,Espulsioni,Autogol) VALUES (350,15,0,18,2,0,0,3,0,0);
INSERT INTO Statistiche(Calciatore_Id,Partite_giocate,Gol_fatti,Gol_subiti,Rigori_parati,Rigori_sbagliati,Assist,Ammonizioni,Espulsioni,Autogol) VALUES (357,10,0,0,0,0,1,2,2,0);
INSERT INTO Statistiche(Calciatore_Id,Partite_giocate,Gol_fatti,Gol_subiti,Rigori_parati,Rigori_sbagliati,Assist,Ammonizioni,Espulsioni,Autogol) VALUES (358,6,0,0,0,0,0,0,0,0);
INSERT INTO Statistiche(Calciatore_Id,Partite_giocate,Gol_fatti,Gol_subiti,Rigori_parati,Rigori_sbagliati,Assist,Ammonizioni,Espulsioni,Autogol) VALUES (365,12,1,0,0,0,0,3,0,1);
INSERT INTO Statistiche(Calciatore_Id,Partite_giocate,Gol_fatti,Gol_subiti,Rigori_parati,Rigori_sbagliati,Assist,Ammonizioni,Espulsioni,Autogol) VALUES (366,5,0,0,0,0,0,1,0,0);
INSERT INTO Statistiche(Calciatore_Id,Partite_giocate,Gol_fatti,Gol_subiti,Rigori_parati,Rigori_sbagliati,Assist,Ammonizioni,Espulsioni,Autogol) VALUES (367,9,2,0,0,0,0,1,0,0);
INSERT INTO Statistiche(Calciatore_Id,Partite_giocate,Gol_fatti,Gol_subiti,Rigori_parati,Rigori_sbagliati,Assist,Ammonizioni,Espulsioni,Autogol) VALUES (374,14,1,0,0,0,0,3,0,0);
INSERT INTO Statistiche(Calciatore_Id,Partite_giocate,Gol_fatti,Gol_subiti,Rigori_parati,Rigori_sbagliati,Assist,Ammonizioni,Espulsioni,Autogol) VALUES (375,14,1,0,0,0,2,1,0,0);
INSERT INTO Statistiche(Calciatore_Id,Partite_giocate,Gol_fatti,Gol_subiti,Rigori_parati,Rigori_sbagliati,Assist,Ammonizioni,Espulsioni,Autogol) VALUES (376,14,0,0,0,0,3,0,0,0);
INSERT INTO Statistiche(Calciatore_Id,Partite_giocate,Gol_fatti,Gol_subiti,Rigori_parati,Rigori_sbagliati,Assist,Ammonizioni,Espulsioni,Autogol) VALUES (380,8,0,0,0,0,0,1,1,0);
INSERT INTO Statistiche(Calciatore_Id,Partite_giocate,Gol_fatti,Gol_subiti,Rigori_parati,Rigori_sbagliati,Assist,Ammonizioni,Espulsioni,Autogol) VALUES (383,16,5,0,0,2,1,3,0,0);
INSERT INTO Statistiche(Calciatore_Id,Partite_giocate,Gol_fatti,Gol_subiti,Rigori_parati,Rigori_sbagliati,Assist,Ammonizioni,Espulsioni,Autogol) VALUES (385,16,0,32,1,0,0,1,0,0);
INSERT INTO Statistiche(Calciatore_Id,Partite_giocate,Gol_fatti,Gol_subiti,Rigori_parati,Rigori_sbagliati,Assist,Ammonizioni,Espulsioni,Autogol) VALUES (386,0,0,0,0,0,0,0,0,0);
INSERT INTO Statistiche(Calciatore_Id,Partite_giocate,Gol_fatti,Gol_subiti,Rigori_parati,Rigori_sbagliati,Assist,Ammonizioni,Espulsioni,Autogol) VALUES (387,1,0,1,1,0,0,0,0,0);
INSERT INTO Statistiche(Calciatore_Id,Partite_giocate,Gol_fatti,Gol_subiti,Rigori_parati,Rigori_sbagliati,Assist,Ammonizioni,Espulsioni,Autogol) VALUES (390,5,0,0,0,0,0,2,0,0);
INSERT INTO Statistiche(Calciatore_Id,Partite_giocate,Gol_fatti,Gol_subiti,Rigori_parati,Rigori_sbagliati,Assist,Ammonizioni,Espulsioni,Autogol) VALUES (392,14,0,0,0,0,0,2,1,1);
INSERT INTO Statistiche(Calciatore_Id,Partite_giocate,Gol_fatti,Gol_subiti,Rigori_parati,Rigori_sbagliati,Assist,Ammonizioni,Espulsioni,Autogol) VALUES (393,7,0,0,0,0,0,2,0,0);
INSERT INTO Statistiche(Calciatore_Id,Partite_giocate,Gol_fatti,Gol_subiti,Rigori_parati,Rigori_sbagliati,Assist,Ammonizioni,Espulsioni,Autogol) VALUES (395,0,0,0,0,0,0,0,0,0);
INSERT INTO Statistiche(Calciatore_Id,Partite_giocate,Gol_fatti,Gol_subiti,Rigori_parati,Rigori_sbagliati,Assist,Ammonizioni,Espulsioni,Autogol) VALUES (397,10,0,0,0,0,1,2,0,0);
INSERT INTO Statistiche(Calciatore_Id,Partite_giocate,Gol_fatti,Gol_subiti,Rigori_parati,Rigori_sbagliati,Assist,Ammonizioni,Espulsioni,Autogol) VALUES (405,7,0,0,0,0,0,1,0,0);
INSERT INTO Statistiche(Calciatore_Id,Partite_giocate,Gol_fatti,Gol_subiti,Rigori_parati,Rigori_sbagliati,Assist,Ammonizioni,Espulsioni,Autogol) VALUES (406,15,1,0,0,0,4,2,0,0);
INSERT INTO Statistiche(Calciatore_Id,Partite_giocate,Gol_fatti,Gol_subiti,Rigori_parati,Rigori_sbagliati,Assist,Ammonizioni,Espulsioni,Autogol) VALUES (407,13,4,0,0,0,1,1,0,0);
INSERT INTO Statistiche(Calciatore_Id,Partite_giocate,Gol_fatti,Gol_subiti,Rigori_parati,Rigori_sbagliati,Assist,Ammonizioni,Espulsioni,Autogol) VALUES (408,15,4,0,0,0,3,1,0,0);
INSERT INTO Statistiche(Calciatore_Id,Partite_giocate,Gol_fatti,Gol_subiti,Rigori_parati,Rigori_sbagliati,Assist,Ammonizioni,Espulsioni,Autogol) VALUES (409,15,3,0,0,0,2,1,0,0);
INSERT INTO Statistiche(Calciatore_Id,Partite_giocate,Gol_fatti,Gol_subiti,Rigori_parati,Rigori_sbagliati,Assist,Ammonizioni,Espulsioni,Autogol) VALUES (410,15,4,0,0,0,1,3,0,0);
INSERT INTO Statistiche(Calciatore_Id,Partite_giocate,Gol_fatti,Gol_subiti,Rigori_parati,Rigori_sbagliati,Assist,Ammonizioni,Espulsioni,Autogol) VALUES (412,0,0,0,0,0,0,0,0,0);
INSERT INTO Statistiche(Calciatore_Id,Partite_giocate,Gol_fatti,Gol_subiti,Rigori_parati,Rigori_sbagliati,Assist,Ammonizioni,Espulsioni,Autogol) VALUES (418,1,0,0,0,0,0,0,0,0);
INSERT INTO Statistiche(Calciatore_Id,Partite_giocate,Gol_fatti,Gol_subiti,Rigori_parati,Rigori_sbagliati,Assist,Ammonizioni,Espulsioni,Autogol) VALUES (423,14,0,0,0,0,0,4,0,0);
INSERT INTO Statistiche(Calciatore_Id,Partite_giocate,Gol_fatti,Gol_subiti,Rigori_parati,Rigori_sbagliati,Assist,Ammonizioni,Espulsioni,Autogol) VALUES (430,9,0,0,0,0,0,0,0,0);
INSERT INTO Statistiche(Calciatore_Id,Partite_giocate,Gol_fatti,Gol_subiti,Rigori_parati,Rigori_sbagliati,Assist,Ammonizioni,Espulsioni,Autogol) VALUES (433,0,0,0,0,0,0,0,0,0);
INSERT INTO Statistiche(Calciatore_Id,Partite_giocate,Gol_fatti,Gol_subiti,Rigori_parati,Rigori_sbagliati,Assist,Ammonizioni,Espulsioni,Autogol) VALUES (434,12,0,0,0,0,0,5,1,0);
INSERT INTO Statistiche(Calciatore_Id,Partite_giocate,Gol_fatti,Gol_subiti,Rigori_parati,Rigori_sbagliati,Assist,Ammonizioni,Espulsioni,Autogol) VALUES (438,0,0,0,0,0,0,0,0,0);
INSERT INTO Statistiche(Calciatore_Id,Partite_giocate,Gol_fatti,Gol_subiti,Rigori_parati,Rigori_sbagliati,Assist,Ammonizioni,Espulsioni,Autogol) VALUES (441,14,7,0,0,0,1,2,0,1);
INSERT INTO Statistiche(Calciatore_Id,Partite_giocate,Gol_fatti,Gol_subiti,Rigori_parati,Rigori_sbagliati,Assist,Ammonizioni,Espulsioni,Autogol) VALUES (453,10,0,10,1,0,0,1,0,0);
INSERT INTO Statistiche(Calciatore_Id,Partite_giocate,Gol_fatti,Gol_subiti,Rigori_parati,Rigori_sbagliati,Assist,Ammonizioni,Espulsioni,Autogol) VALUES (454,0,0,0,0,0,0,0,0,0);
INSERT INTO Statistiche(Calciatore_Id,Partite_giocate,Gol_fatti,Gol_subiti,Rigori_parati,Rigori_sbagliati,Assist,Ammonizioni,Espulsioni,Autogol) VALUES (457,0,0,0,0,0,0,0,0,0);
INSERT INTO Statistiche(Calciatore_Id,Partite_giocate,Gol_fatti,Gol_subiti,Rigori_parati,Rigori_sbagliati,Assist,Ammonizioni,Espulsioni,Autogol) VALUES (459,10,2,0,0,0,0,1,0,0);
INSERT INTO Statistiche(Calciatore_Id,Partite_giocate,Gol_fatti,Gol_subiti,Rigori_parati,Rigori_sbagliati,Assist,Ammonizioni,Espulsioni,Autogol) VALUES (460,16,0,0,0,0,0,3,0,0);
INSERT INTO Statistiche(Calciatore_Id,Partite_giocate,Gol_fatti,Gol_subiti,Rigori_parati,Rigori_sbagliati,Assist,Ammonizioni,Espulsioni,Autogol) VALUES (464,11,0,0,0,0,1,3,0,0);
INSERT INTO Statistiche(Calciatore_Id,Partite_giocate,Gol_fatti,Gol_subiti,Rigori_parati,Rigori_sbagliati,Assist,Ammonizioni,Espulsioni,Autogol) VALUES (467,13,4,0,0,0,4,3,0,0);
INSERT INTO Statistiche(Calciatore_Id,Partite_giocate,Gol_fatti,Gol_subiti,Rigori_parati,Rigori_sbagliati,Assist,Ammonizioni,Espulsioni,Autogol) VALUES (469,15,3,0,0,0,1,6,0,0);
INSERT INTO Statistiche(Calciatore_Id,Partite_giocate,Gol_fatti,Gol_subiti,Rigori_parati,Rigori_sbagliati,Assist,Ammonizioni,Espulsioni,Autogol) VALUES (472,5,0,0,0,0,0,2,0,0);
INSERT INTO Statistiche(Calciatore_Id,Partite_giocate,Gol_fatti,Gol_subiti,Rigori_parati,Rigori_sbagliati,Assist,Ammonizioni,Espulsioni,Autogol) VALUES (474,15,4,0,0,1,3,3,0,0);
INSERT INTO Statistiche(Calciatore_Id,Partite_giocate,Gol_fatti,Gol_subiti,Rigori_parati,Rigori_sbagliati,Assist,Ammonizioni,Espulsioni,Autogol) VALUES (475,4,0,0,0,0,0,0,0,0);
INSERT INTO Statistiche(Calciatore_Id,Partite_giocate,Gol_fatti,Gol_subiti,Rigori_parati,Rigori_sbagliati,Assist,Ammonizioni,Espulsioni,Autogol) VALUES (479,6,0,0,0,0,1,1,0,0);
INSERT INTO Statistiche(Calciatore_Id,Partite_giocate,Gol_fatti,Gol_subiti,Rigori_parati,Rigori_sbagliati,Assist,Ammonizioni,Espulsioni,Autogol) VALUES (487,11,0,0,0,0,0,0,0,0);
INSERT INTO Statistiche(Calciatore_Id,Partite_giocate,Gol_fatti,Gol_subiti,Rigori_parati,Rigori_sbagliati,Assist,Ammonizioni,Espulsioni,Autogol) VALUES (490,1,0,0,0,0,0,0,0,0);
INSERT INTO Statistiche(Calciatore_Id,Partite_giocate,Gol_fatti,Gol_subiti,Rigori_parati,Rigori_sbagliati,Assist,Ammonizioni,Espulsioni,Autogol) VALUES (491,0,0,0,0,0,0,0,0,0);
INSERT INTO Statistiche(Calciatore_Id,Partite_giocate,Gol_fatti,Gol_subiti,Rigori_parati,Rigori_sbagliati,Assist,Ammonizioni,Espulsioni,Autogol) VALUES (493,0,0,0,0,0,0,0,0,0);
INSERT INTO Statistiche(Calciatore_Id,Partite_giocate,Gol_fatti,Gol_subiti,Rigori_parati,Rigori_sbagliati,Assist,Ammonizioni,Espulsioni,Autogol) VALUES (494,2,0,0,0,0,0,0,0,0);
INSERT INTO Statistiche(Calciatore_Id,Partite_giocate,Gol_fatti,Gol_subiti,Rigori_parati,Rigori_sbagliati,Assist,Ammonizioni,Espulsioni,Autogol) VALUES (495,16,6,0,0,1,1,0,0,0);
INSERT INTO Statistiche(Calciatore_Id,Partite_giocate,Gol_fatti,Gol_subiti,Rigori_parati,Rigori_sbagliati,Assist,Ammonizioni,Espulsioni,Autogol) VALUES (505,8,1,0,0,0,0,1,0,0);
INSERT INTO Statistiche(Calciatore_Id,Partite_giocate,Gol_fatti,Gol_subiti,Rigori_parati,Rigori_sbagliati,Assist,Ammonizioni,Espulsioni,Autogol) VALUES (507,14,9,0,0,0,0,0,0,0);
INSERT INTO Statistiche(Calciatore_Id,Partite_giocate,Gol_fatti,Gol_subiti,Rigori_parati,Rigori_sbagliati,Assist,Ammonizioni,Espulsioni,Autogol) VALUES (509,12,0,23,1,0,0,0,0,0);
INSERT INTO Statistiche(Calciatore_Id,Partite_giocate,Gol_fatti,Gol_subiti,Rigori_parati,Rigori_sbagliati,Assist,Ammonizioni,Espulsioni,Autogol) VALUES (510,2,0,0,0,0,0,0,0,0);
INSERT INTO Statistiche(Calciatore_Id,Partite_giocate,Gol_fatti,Gol_subiti,Rigori_parati,Rigori_sbagliati,Assist,Ammonizioni,Espulsioni,Autogol) VALUES (513,16,1,0,0,0,1,4,0,0);
INSERT INTO Statistiche(Calciatore_Id,Partite_giocate,Gol_fatti,Gol_subiti,Rigori_parati,Rigori_sbagliati,Assist,Ammonizioni,Espulsioni,Autogol) VALUES (517,4,0,0,0,0,0,0,0,0);
INSERT INTO Statistiche(Calciatore_Id,Partite_giocate,Gol_fatti,Gol_subiti,Rigori_parati,Rigori_sbagliati,Assist,Ammonizioni,Espulsioni,Autogol) VALUES (519,0,0,0,0,0,0,0,0,0);
INSERT INTO Statistiche(Calciatore_Id,Partite_giocate,Gol_fatti,Gol_subiti,Rigori_parati,Rigori_sbagliati,Assist,Ammonizioni,Espulsioni,Autogol) VALUES (521,13,0,0,0,0,1,3,0,0);
INSERT INTO Statistiche(Calciatore_Id,Partite_giocate,Gol_fatti,Gol_subiti,Rigori_parati,Rigori_sbagliati,Assist,Ammonizioni,Espulsioni,Autogol) VALUES (526,11,1,0,0,0,4,2,0,0);
INSERT INTO Statistiche(Calciatore_Id,Partite_giocate,Gol_fatti,Gol_subiti,Rigori_parati,Rigori_sbagliati,Assist,Ammonizioni,Espulsioni,Autogol) VALUES (528,11,0,0,0,0,0,4,0,0);
INSERT INTO Statistiche(Calciatore_Id,Partite_giocate,Gol_fatti,Gol_subiti,Rigori_parati,Rigori_sbagliati,Assist,Ammonizioni,Espulsioni,Autogol) VALUES (529,15,0,0,0,0,0,5,0,0);
INSERT INTO Statistiche(Calciatore_Id,Partite_giocate,Gol_fatti,Gol_subiti,Rigori_parati,Rigori_sbagliati,Assist,Ammonizioni,Espulsioni,Autogol) VALUES (530,10,0,0,0,0,6,4,0,0);
INSERT INTO Statistiche(Calciatore_Id,Partite_giocate,Gol_fatti,Gol_subiti,Rigori_parati,Rigori_sbagliati,Assist,Ammonizioni,Espulsioni,Autogol) VALUES (531,13,8,0,0,1,2,3,0,0);
INSERT INTO Statistiche(Calciatore_Id,Partite_giocate,Gol_fatti,Gol_subiti,Rigori_parati,Rigori_sbagliati,Assist,Ammonizioni,Espulsioni,Autogol) VALUES (532,0,0,0,0,0,0,0,0,0);
INSERT INTO Statistiche(Calciatore_Id,Partite_giocate,Gol_fatti,Gol_subiti,Rigori_parati,Rigori_sbagliati,Assist,Ammonizioni,Espulsioni,Autogol) VALUES (533,13,0,0,0,0,0,2,0,0);
INSERT INTO Statistiche(Calciatore_Id,Partite_giocate,Gol_fatti,Gol_subiti,Rigori_parati,Rigori_sbagliati,Assist,Ammonizioni,Espulsioni,Autogol) VALUES (536,10,0,0,0,0,0,0,0,0);
INSERT INTO Statistiche(Calciatore_Id,Partite_giocate,Gol_fatti,Gol_subiti,Rigori_parati,Rigori_sbagliati,Assist,Ammonizioni,Espulsioni,Autogol) VALUES (537,16,4,0,0,1,1,3,0,0);
INSERT INTO Statistiche(Calciatore_Id,Partite_giocate,Gol_fatti,Gol_subiti,Rigori_parati,Rigori_sbagliati,Assist,Ammonizioni,Espulsioni,Autogol) VALUES (540,0,0,0,0,0,0,0,0,0);
INSERT INTO Statistiche(Calciatore_Id,Partite_giocate,Gol_fatti,Gol_subiti,Rigori_parati,Rigori_sbagliati,Assist,Ammonizioni,Espulsioni,Autogol) VALUES (543,0,0,0,0,0,0,0,0,0);
INSERT INTO Statistiche(Calciatore_Id,Partite_giocate,Gol_fatti,Gol_subiti,Rigori_parati,Rigori_sbagliati,Assist,Ammonizioni,Espulsioni,Autogol) VALUES (550,8,1,0,0,0,1,2,0,0);
INSERT INTO Statistiche(Calciatore_Id,Partite_giocate,Gol_fatti,Gol_subiti,Rigori_parati,Rigori_sbagliati,Assist,Ammonizioni,Espulsioni,Autogol) VALUES (554,1,0,0,0,0,0,0,0,0);
INSERT INTO Statistiche(Calciatore_Id,Partite_giocate,Gol_fatti,Gol_subiti,Rigori_parati,Rigori_sbagliati,Assist,Ammonizioni,Espulsioni,Autogol) VALUES (556,15,0,0,0,0,2,3,0,0);
INSERT INTO Statistiche(Calciatore_Id,Partite_giocate,Gol_fatti,Gol_subiti,Rigori_parati,Rigori_sbagliati,Assist,Ammonizioni,Espulsioni,Autogol) VALUES (557,9,0,0,0,0,0,1,0,0);
INSERT INTO Statistiche(Calciatore_Id,Partite_giocate,Gol_fatti,Gol_subiti,Rigori_parati,Rigori_sbagliati,Assist,Ammonizioni,Espulsioni,Autogol) VALUES (568,14,3,0,0,1,1,2,0,0);
INSERT INTO Statistiche(Calciatore_Id,Partite_giocate,Gol_fatti,Gol_subiti,Rigori_parati,Rigori_sbagliati,Assist,Ammonizioni,Espulsioni,Autogol) VALUES (570,0,0,0,0,0,0,0,0,0);
INSERT INTO Statistiche(Calciatore_Id,Partite_giocate,Gol_fatti,Gol_subiti,Rigori_parati,Rigori_sbagliati,Assist,Ammonizioni,Espulsioni,Autogol) VALUES (572,11,0,16,1,0,0,0,0,0);
INSERT INTO Statistiche(Calciatore_Id,Partite_giocate,Gol_fatti,Gol_subiti,Rigori_parati,Rigori_sbagliati,Assist,Ammonizioni,Espulsioni,Autogol) VALUES (574,0,0,0,0,0,0,0,0,0);
INSERT INTO Statistiche(Calciatore_Id,Partite_giocate,Gol_fatti,Gol_subiti,Rigori_parati,Rigori_sbagliati,Assist,Ammonizioni,Espulsioni,Autogol) VALUES (578,10,1,0,0,0,0,5,1,0);
INSERT INTO Statistiche(Calciatore_Id,Partite_giocate,Gol_fatti,Gol_subiti,Rigori_parati,Rigori_sbagliati,Assist,Ammonizioni,Espulsioni,Autogol) VALUES (581,16,2,0,0,0,3,3,0,0);
INSERT INTO Statistiche(Calciatore_Id,Partite_giocate,Gol_fatti,Gol_subiti,Rigori_parati,Rigori_sbagliati,Assist,Ammonizioni,Espulsioni,Autogol) VALUES (589,0,0,0,0,0,0,0,0,0);
INSERT INTO Statistiche(Calciatore_Id,Partite_giocate,Gol_fatti,Gol_subiti,Rigori_parati,Rigori_sbagliati,Assist,Ammonizioni,Espulsioni,Autogol) VALUES (600,15,2,0,0,0,0,3,0,0);
INSERT INTO Statistiche(Calciatore_Id,Partite_giocate,Gol_fatti,Gol_subiti,Rigori_parati,Rigori_sbagliati,Assist,Ammonizioni,Espulsioni,Autogol) VALUES (605,0,0,0,0,0,0,0,0,0);
INSERT INTO Statistiche(Calciatore_Id,Partite_giocate,Gol_fatti,Gol_subiti,Rigori_parati,Rigori_sbagliati,Assist,Ammonizioni,Espulsioni,Autogol) VALUES (606,0,0,0,0,0,0,0,0,0);
INSERT INTO Statistiche(Calciatore_Id,Partite_giocate,Gol_fatti,Gol_subiti,Rigori_parati,Rigori_sbagliati,Assist,Ammonizioni,Espulsioni,Autogol) VALUES (608,7,6,0,0,0,2,0,0,0);
INSERT INTO Statistiche(Calciatore_Id,Partite_giocate,Gol_fatti,Gol_subiti,Rigori_parati,Rigori_sbagliati,Assist,Ammonizioni,Espulsioni,Autogol) VALUES (610,15,0,24,0,0,0,2,0,0);
INSERT INTO Statistiche(Calciatore_Id,Partite_giocate,Gol_fatti,Gol_subiti,Rigori_parati,Rigori_sbagliati,Assist,Ammonizioni,Espulsioni,Autogol) VALUES (611,5,0,9,0,0,0,0,0,0);
INSERT INTO Statistiche(Calciatore_Id,Partite_giocate,Gol_fatti,Gol_subiti,Rigori_parati,Rigori_sbagliati,Assist,Ammonizioni,Espulsioni,Autogol) VALUES (621,15,1,0,0,0,3,1,0,0);
INSERT INTO Statistiche(Calciatore_Id,Partite_giocate,Gol_fatti,Gol_subiti,Rigori_parati,Rigori_sbagliati,Assist,Ammonizioni,Espulsioni,Autogol) VALUES (627,14,0,0,0,0,1,2,0,0);
INSERT INTO Statistiche(Calciatore_Id,Partite_giocate,Gol_fatti,Gol_subiti,Rigori_parati,Rigori_sbagliati,Assist,Ammonizioni,Espulsioni,Autogol) VALUES (630,8,0,0,0,0,0,1,0,0);
INSERT INTO Statistiche(Calciatore_Id,Partite_giocate,Gol_fatti,Gol_subiti,Rigori_parati,Rigori_sbagliati,Assist,Ammonizioni,Espulsioni,Autogol) VALUES (631,0,0,0,0,0,0,0,0,0);
INSERT INTO Statistiche(Calciatore_Id,Partite_giocate,Gol_fatti,Gol_subiti,Rigori_parati,Rigori_sbagliati,Assist,Ammonizioni,Espulsioni,Autogol) VALUES (632,15,0,0,0,0,3,3,0,0);
INSERT INTO Statistiche(Calciatore_Id,Partite_giocate,Gol_fatti,Gol_subiti,Rigori_parati,Rigori_sbagliati,Assist,Ammonizioni,Espulsioni,Autogol) VALUES (633,0,0,0,0,0,0,0,0,0);
INSERT INTO Statistiche(Calciatore_Id,Partite_giocate,Gol_fatti,Gol_subiti,Rigori_parati,Rigori_sbagliati,Assist,Ammonizioni,Espulsioni,Autogol) VALUES (636,4,1,0,0,0,0,0,0,0);
INSERT INTO Statistiche(Calciatore_Id,Partite_giocate,Gol_fatti,Gol_subiti,Rigori_parati,Rigori_sbagliati,Assist,Ammonizioni,Espulsioni,Autogol) VALUES (637,1,0,0,0,0,0,0,0,0);
INSERT INTO Statistiche(Calciatore_Id,Partite_giocate,Gol_fatti,Gol_subiti,Rigori_parati,Rigori_sbagliati,Assist,Ammonizioni,Espulsioni,Autogol) VALUES (640,4,0,0,0,0,0,0,0,0);
INSERT INTO Statistiche(Calciatore_Id,Partite_giocate,Gol_fatti,Gol_subiti,Rigori_parati,Rigori_sbagliati,Assist,Ammonizioni,Espulsioni,Autogol) VALUES (643,8,1,0,0,0,1,1,0,0);
INSERT INTO Statistiche(Calciatore_Id,Partite_giocate,Gol_fatti,Gol_subiti,Rigori_parati,Rigori_sbagliati,Assist,Ammonizioni,Espulsioni,Autogol) VALUES (644,15,3,0,0,0,2,6,0,0);
INSERT INTO Statistiche(Calciatore_Id,Partite_giocate,Gol_fatti,Gol_subiti,Rigori_parati,Rigori_sbagliati,Assist,Ammonizioni,Espulsioni,Autogol) VALUES (645,16,3,0,0,0,3,2,0,0);
INSERT INTO Statistiche(Calciatore_Id,Partite_giocate,Gol_fatti,Gol_subiti,Rigori_parati,Rigori_sbagliati,Assist,Ammonizioni,Espulsioni,Autogol) VALUES (647,16,6,0,0,0,0,2,0,0);
INSERT INTO Statistiche(Calciatore_Id,Partite_giocate,Gol_fatti,Gol_subiti,Rigori_parati,Rigori_sbagliati,Assist,Ammonizioni,Espulsioni,Autogol) VALUES (652,4,0,0,0,0,0,0,0,0);
INSERT INTO Statistiche(Calciatore_Id,Partite_giocate,Gol_fatti,Gol_subiti,Rigori_parati,Rigori_sbagliati,Assist,Ammonizioni,Espulsioni,Autogol) VALUES (654,0,0,0,0,0,0,0,0,0);
INSERT INTO Statistiche(Calciatore_Id,Partite_giocate,Gol_fatti,Gol_subiti,Rigori_parati,Rigori_sbagliati,Assist,Ammonizioni,Espulsioni,Autogol) VALUES (658,12,2,0,0,0,2,0,0,0);
INSERT INTO Statistiche(Calciatore_Id,Partite_giocate,Gol_fatti,Gol_subiti,Rigori_parati,Rigori_sbagliati,Assist,Ammonizioni,Espulsioni,Autogol) VALUES (661,0,0,0,0,0,0,0,0,0);
INSERT INTO Statistiche(Calciatore_Id,Partite_giocate,Gol_fatti,Gol_subiti,Rigori_parati,Rigori_sbagliati,Assist,Ammonizioni,Espulsioni,Autogol) VALUES (662,13,0,0,0,0,2,2,0,0);
INSERT INTO Statistiche(Calciatore_Id,Partite_giocate,Gol_fatti,Gol_subiti,Rigori_parati,Rigori_sbagliati,Assist,Ammonizioni,Espulsioni,Autogol) VALUES (666,0,0,0,0,0,0,0,0,0);
INSERT INTO Statistiche(Calciatore_Id,Partite_giocate,Gol_fatti,Gol_subiti,Rigori_parati,Rigori_sbagliati,Assist,Ammonizioni,Espulsioni,Autogol) VALUES (669,0,0,0,0,0,0,0,0,0);
INSERT INTO Statistiche(Calciatore_Id,Partite_giocate,Gol_fatti,Gol_subiti,Rigori_parati,Rigori_sbagliati,Assist,Ammonizioni,Espulsioni,Autogol) VALUES (673,0,0,0,0,0,0,0,0,0);
INSERT INTO Statistiche(Calciatore_Id,Partite_giocate,Gol_fatti,Gol_subiti,Rigori_parati,Rigori_sbagliati,Assist,Ammonizioni,Espulsioni,Autogol) VALUES (694,0,0,0,0,0,0,0,0,0);
INSERT INTO Statistiche(Calciatore_Id,Partite_giocate,Gol_fatti,Gol_subiti,Rigori_parati,Rigori_sbagliati,Assist,Ammonizioni,Espulsioni,Autogol) VALUES (695,14,0,0,0,0,4,5,0,0);
INSERT INTO Statistiche(Calciatore_Id,Partite_giocate,Gol_fatti,Gol_subiti,Rigori_parati,Rigori_sbagliati,Assist,Ammonizioni,Espulsioni,Autogol) VALUES (696,11,3,0,0,0,0,3,0,0);
INSERT INTO Statistiche(Calciatore_Id,Partite_giocate,Gol_fatti,Gol_subiti,Rigori_parati,Rigori_sbagliati,Assist,Ammonizioni,Espulsioni,Autogol) VALUES (697,14,0,0,0,0,1,3,1,0);
INSERT INTO Statistiche(Calciatore_Id,Partite_giocate,Gol_fatti,Gol_subiti,Rigori_parati,Rigori_sbagliati,Assist,Ammonizioni,Espulsioni,Autogol) VALUES (704,0,0,0,0,0,0,0,0,0);
INSERT INTO Statistiche(Calciatore_Id,Partite_giocate,Gol_fatti,Gol_subiti,Rigori_parati,Rigori_sbagliati,Assist,Ammonizioni,Espulsioni,Autogol) VALUES (706,12,4,0,0,0,2,4,0,0);
INSERT INTO Statistiche(Calciatore_Id,Partite_giocate,Gol_fatti,Gol_subiti,Rigori_parati,Rigori_sbagliati,Assist,Ammonizioni,Espulsioni,Autogol) VALUES (708,8,0,0,0,0,0,3,0,0);
INSERT INTO Statistiche(Calciatore_Id,Partite_giocate,Gol_fatti,Gol_subiti,Rigori_parati,Rigori_sbagliati,Assist,Ammonizioni,Espulsioni,Autogol) VALUES (713,14,1,0,0,0,1,2,0,0);
INSERT INTO Statistiche(Calciatore_Id,Partite_giocate,Gol_fatti,Gol_subiti,Rigori_parati,Rigori_sbagliati,Assist,Ammonizioni,Espulsioni,Autogol) VALUES (756,0,0,0,0,0,0,0,0,0);
INSERT INTO Statistiche(Calciatore_Id,Partite_giocate,Gol_fatti,Gol_subiti,Rigori_parati,Rigori_sbagliati,Assist,Ammonizioni,Espulsioni,Autogol) VALUES (761,17,0,27,0,0,0,0,0,0);
INSERT INTO Statistiche(Calciatore_Id,Partite_giocate,Gol_fatti,Gol_subiti,Rigori_parati,Rigori_sbagliati,Assist,Ammonizioni,Espulsioni,Autogol) VALUES (767,0,0,0,0,0,0,0,0,0);
INSERT INTO Statistiche(Calciatore_Id,Partite_giocate,Gol_fatti,Gol_subiti,Rigori_parati,Rigori_sbagliati,Assist,Ammonizioni,Espulsioni,Autogol) VALUES (770,11,0,0,0,0,0,1,0,0);
INSERT INTO Statistiche(Calciatore_Id,Partite_giocate,Gol_fatti,Gol_subiti,Rigori_parati,Rigori_sbagliati,Assist,Ammonizioni,Espulsioni,Autogol) VALUES (771,11,1,0,0,0,0,2,0,0);
INSERT INTO Statistiche(Calciatore_Id,Partite_giocate,Gol_fatti,Gol_subiti,Rigori_parati,Rigori_sbagliati,Assist,Ammonizioni,Espulsioni,Autogol) VALUES (779,8,1,0,0,0,0,1,0,0);
INSERT INTO Statistiche(Calciatore_Id,Partite_giocate,Gol_fatti,Gol_subiti,Rigori_parati,Rigori_sbagliati,Assist,Ammonizioni,Espulsioni,Autogol) VALUES (780,12,0,0,0,0,0,7,0,0);
INSERT INTO Statistiche(Calciatore_Id,Partite_giocate,Gol_fatti,Gol_subiti,Rigori_parati,Rigori_sbagliati,Assist,Ammonizioni,Espulsioni,Autogol) VALUES (785,16,17,0,0,1,5,3,0,0);
INSERT INTO Statistiche(Calciatore_Id,Partite_giocate,Gol_fatti,Gol_subiti,Rigori_parati,Rigori_sbagliati,Assist,Ammonizioni,Espulsioni,Autogol) VALUES (787,14,1,0,0,0,0,2,0,0);
INSERT INTO Statistiche(Calciatore_Id,Partite_giocate,Gol_fatti,Gol_subiti,Rigori_parati,Rigori_sbagliati,Assist,Ammonizioni,Espulsioni,Autogol) VALUES (788,12,1,0,0,0,1,1,0,0);
INSERT INTO Statistiche(Calciatore_Id,Partite_giocate,Gol_fatti,Gol_subiti,Rigori_parati,Rigori_sbagliati,Assist,Ammonizioni,Espulsioni,Autogol) VALUES (790,10,0,0,0,0,0,3,0,0);
INSERT INTO Statistiche(Calciatore_Id,Partite_giocate,Gol_fatti,Gol_subiti,Rigori_parati,Rigori_sbagliati,Assist,Ammonizioni,Espulsioni,Autogol) VALUES (791,16,0,0,0,0,1,1,0,1);
INSERT INTO Statistiche(Calciatore_Id,Partite_giocate,Gol_fatti,Gol_subiti,Rigori_parati,Rigori_sbagliati,Assist,Ammonizioni,Espulsioni,Autogol) VALUES (798,16,0,0,0,0,0,4,0,1);
INSERT INTO Statistiche(Calciatore_Id,Partite_giocate,Gol_fatti,Gol_subiti,Rigori_parati,Rigori_sbagliati,Assist,Ammonizioni,Espulsioni,Autogol) VALUES (801,8,1,0,0,0,0,2,0,0);
INSERT INTO Statistiche(Calciatore_Id,Partite_giocate,Gol_fatti,Gol_subiti,Rigori_parati,Rigori_sbagliati,Assist,Ammonizioni,Espulsioni,Autogol) VALUES (805,0,0,0,0,0,0,0,0,0);
INSERT INTO Statistiche(Calciatore_Id,Partite_giocate,Gol_fatti,Gol_subiti,Rigori_parati,Rigori_sbagliati,Assist,Ammonizioni,Espulsioni,Autogol) VALUES (813,0,0,0,0,0,0,0,0,0);
INSERT INTO Statistiche(Calciatore_Id,Partite_giocate,Gol_fatti,Gol_subiti,Rigori_parati,Rigori_sbagliati,Assist,Ammonizioni,Espulsioni,Autogol) VALUES (819,6,0,0,0,0,0,0,0,0);
INSERT INTO Statistiche(Calciatore_Id,Partite_giocate,Gol_fatti,Gol_subiti,Rigori_parati,Rigori_sbagliati,Assist,Ammonizioni,Espulsioni,Autogol) VALUES (824,1,0,0,0,0,0,0,0,0);
INSERT INTO Statistiche(Calciatore_Id,Partite_giocate,Gol_fatti,Gol_subiti,Rigori_parati,Rigori_sbagliati,Assist,Ammonizioni,Espulsioni,Autogol) VALUES (827,12,0,0,0,0,1,3,0,0);
INSERT INTO Statistiche(Calciatore_Id,Partite_giocate,Gol_fatti,Gol_subiti,Rigori_parati,Rigori_sbagliati,Assist,Ammonizioni,Espulsioni,Autogol) VALUES (1839,1,0,0,0,0,0,0,1,0);
INSERT INTO Statistiche(Calciatore_Id,Partite_giocate,Gol_fatti,Gol_subiti,Rigori_parati,Rigori_sbagliati,Assist,Ammonizioni,Espulsioni,Autogol) VALUES (1843,16,0,31,0,0,1,1,0,0);
INSERT INTO Statistiche(Calciatore_Id,Partite_giocate,Gol_fatti,Gol_subiti,Rigori_parati,Rigori_sbagliati,Assist,Ammonizioni,Espulsioni,Autogol) VALUES (1847,0,0,0,0,0,0,0,0,0);
INSERT INTO Statistiche(Calciatore_Id,Partite_giocate,Gol_fatti,Gol_subiti,Rigori_parati,Rigori_sbagliati,Assist,Ammonizioni,Espulsioni,Autogol) VALUES (1850,14,1,0,0,0,0,1,0,0);
INSERT INTO Statistiche(Calciatore_Id,Partite_giocate,Gol_fatti,Gol_subiti,Rigori_parati,Rigori_sbagliati,Assist,Ammonizioni,Espulsioni,Autogol) VALUES (1852,10,0,0,0,0,1,1,0,0);
INSERT INTO Statistiche(Calciatore_Id,Partite_giocate,Gol_fatti,Gol_subiti,Rigori_parati,Rigori_sbagliati,Assist,Ammonizioni,Espulsioni,Autogol) VALUES (1857,6,2,0,0,0,0,1,0,0);
INSERT INTO Statistiche(Calciatore_Id,Partite_giocate,Gol_fatti,Gol_subiti,Rigori_parati,Rigori_sbagliati,Assist,Ammonizioni,Espulsioni,Autogol) VALUES (1858,10,1,0,0,0,0,2,0,0);
INSERT INTO Statistiche(Calciatore_Id,Partite_giocate,Gol_fatti,Gol_subiti,Rigori_parati,Rigori_sbagliati,Assist,Ammonizioni,Espulsioni,Autogol) VALUES (1859,0,0,0,0,0,0,0,0,0);
INSERT INTO Statistiche(Calciatore_Id,Partite_giocate,Gol_fatti,Gol_subiti,Rigori_parati,Rigori_sbagliati,Assist,Ammonizioni,Espulsioni,Autogol) VALUES (1864,12,0,0,0,0,0,0,0,0);
INSERT INTO Statistiche(Calciatore_Id,Partite_giocate,Gol_fatti,Gol_subiti,Rigori_parati,Rigori_sbagliati,Assist,Ammonizioni,Espulsioni,Autogol) VALUES (1866,9,2,0,0,0,0,4,0,1);
INSERT INTO Statistiche(Calciatore_Id,Partite_giocate,Gol_fatti,Gol_subiti,Rigori_parati,Rigori_sbagliati,Assist,Ammonizioni,Espulsioni,Autogol) VALUES (1868,17,0,0,0,0,0,2,0,1);
INSERT INTO Statistiche(Calciatore_Id,Partite_giocate,Gol_fatti,Gol_subiti,Rigori_parati,Rigori_sbagliati,Assist,Ammonizioni,Espulsioni,Autogol) VALUES (1869,15,1,0,0,0,0,3,0,0);
INSERT INTO Statistiche(Calciatore_Id,Partite_giocate,Gol_fatti,Gol_subiti,Rigori_parati,Rigori_sbagliati,Assist,Ammonizioni,Espulsioni,Autogol) VALUES (1870,13,1,0,0,0,2,4,0,0);
INSERT INTO Statistiche(Calciatore_Id,Partite_giocate,Gol_fatti,Gol_subiti,Rigori_parati,Rigori_sbagliati,Assist,Ammonizioni,Espulsioni,Autogol) VALUES (1871,1,0,0,0,0,0,0,0,0);
INSERT INTO Statistiche(Calciatore_Id,Partite_giocate,Gol_fatti,Gol_subiti,Rigori_parati,Rigori_sbagliati,Assist,Ammonizioni,Espulsioni,Autogol) VALUES (1872,6,0,0,0,0,0,2,1,0);
INSERT INTO Statistiche(Calciatore_Id,Partite_giocate,Gol_fatti,Gol_subiti,Rigori_parati,Rigori_sbagliati,Assist,Ammonizioni,Espulsioni,Autogol) VALUES (1874,16,10,0,0,0,1,2,0,0);
INSERT INTO Statistiche(Calciatore_Id,Partite_giocate,Gol_fatti,Gol_subiti,Rigori_parati,Rigori_sbagliati,Assist,Ammonizioni,Espulsioni,Autogol) VALUES (1875,0,0,0,0,0,0,0,0,0);
INSERT INTO Statistiche(Calciatore_Id,Partite_giocate,Gol_fatti,Gol_subiti,Rigori_parati,Rigori_sbagliati,Assist,Ammonizioni,Espulsioni,Autogol) VALUES (1876,10,0,0,0,0,0,1,0,0);
INSERT INTO Statistiche(Calciatore_Id,Partite_giocate,Gol_fatti,Gol_subiti,Rigori_parati,Rigori_sbagliati,Assist,Ammonizioni,Espulsioni,Autogol) VALUES (1879,10,1,0,0,0,0,2,1,0);
INSERT INTO Statistiche(Calciatore_Id,Partite_giocate,Gol_fatti,Gol_subiti,Rigori_parati,Rigori_sbagliati,Assist,Ammonizioni,Espulsioni,Autogol) VALUES (1891,4,0,0,0,0,0,0,0,0);
INSERT INTO Statistiche(Calciatore_Id,Partite_giocate,Gol_fatti,Gol_subiti,Rigori_parati,Rigori_sbagliati,Assist,Ammonizioni,Espulsioni,Autogol) VALUES (1895,7,0,0,0,0,0,2,0,0);
INSERT INTO Statistiche(Calciatore_Id,Partite_giocate,Gol_fatti,Gol_subiti,Rigori_parati,Rigori_sbagliati,Assist,Ammonizioni,Espulsioni,Autogol) VALUES (1896,10,0,0,0,0,0,1,0,0);
INSERT INTO Statistiche(Calciatore_Id,Partite_giocate,Gol_fatti,Gol_subiti,Rigori_parati,Rigori_sbagliati,Assist,Ammonizioni,Espulsioni,Autogol) VALUES (1917,16,0,24,1,0,0,1,0,0);
INSERT INTO Statistiche(Calciatore_Id,Partite_giocate,Gol_fatti,Gol_subiti,Rigori_parati,Rigori_sbagliati,Assist,Ammonizioni,Espulsioni,Autogol) VALUES (1930,0,0,0,0,0,0,0,0,0);
INSERT INTO Statistiche(Calciatore_Id,Partite_giocate,Gol_fatti,Gol_subiti,Rigori_parati,Rigori_sbagliati,Assist,Ammonizioni,Espulsioni,Autogol) VALUES (1933,15,0,0,0,0,1,0,0,0);
INSERT INTO Statistiche(Calciatore_Id,Partite_giocate,Gol_fatti,Gol_subiti,Rigori_parati,Rigori_sbagliati,Assist,Ammonizioni,Espulsioni,Autogol) VALUES (1934,16,0,16,1,0,0,0,0,0);
INSERT INTO Statistiche(Calciatore_Id,Partite_giocate,Gol_fatti,Gol_subiti,Rigori_parati,Rigori_sbagliati,Assist,Ammonizioni,Espulsioni,Autogol) VALUES (1935,0,0,0,0,0,0,0,0,0);
INSERT INTO Statistiche(Calciatore_Id,Partite_giocate,Gol_fatti,Gol_subiti,Rigori_parati,Rigori_sbagliati,Assist,Ammonizioni,Espulsioni,Autogol) VALUES (1936,0,0,0,0,0,0,0,0,0);
INSERT INTO Statistiche(Calciatore_Id,Partite_giocate,Gol_fatti,Gol_subiti,Rigori_parati,Rigori_sbagliati,Assist,Ammonizioni,Espulsioni,Autogol) VALUES (1939,11,4,0,0,0,0,5,1,0);
INSERT INTO Statistiche(Calciatore_Id,Partite_giocate,Gol_fatti,Gol_subiti,Rigori_parati,Rigori_sbagliati,Assist,Ammonizioni,Espulsioni,Autogol) VALUES (1943,12,1,0,0,0,1,3,0,0);
INSERT INTO Statistiche(Calciatore_Id,Partite_giocate,Gol_fatti,Gol_subiti,Rigori_parati,Rigori_sbagliati,Assist,Ammonizioni,Espulsioni,Autogol) VALUES (1946,0,0,0,0,0,0,0,0,0);
INSERT INTO Statistiche(Calciatore_Id,Partite_giocate,Gol_fatti,Gol_subiti,Rigori_parati,Rigori_sbagliati,Assist,Ammonizioni,Espulsioni,Autogol) VALUES (1958,15,2,0,0,0,0,2,1,0);
INSERT INTO Statistiche(Calciatore_Id,Partite_giocate,Gol_fatti,Gol_subiti,Rigori_parati,Rigori_sbagliati,Assist,Ammonizioni,Espulsioni,Autogol) VALUES (1974,0,0,0,0,0,0,0,0,0);
INSERT INTO Statistiche(Calciatore_Id,Partite_giocate,Gol_fatti,Gol_subiti,Rigori_parati,Rigori_sbagliati,Assist,Ammonizioni,Espulsioni,Autogol) VALUES (1976,1,0,0,0,0,0,0,0,0);
INSERT INTO Statistiche(Calciatore_Id,Partite_giocate,Gol_fatti,Gol_subiti,Rigori_parati,Rigori_sbagliati,Assist,Ammonizioni,Espulsioni,Autogol) VALUES (1978,7,3,0,0,0,1,0,0,0);
INSERT INTO Statistiche(Calciatore_Id,Partite_giocate,Gol_fatti,Gol_subiti,Rigori_parati,Rigori_sbagliati,Assist,Ammonizioni,Espulsioni,Autogol) VALUES (1979,6,0,0,0,0,0,0,0,0);
INSERT INTO Statistiche(Calciatore_Id,Partite_giocate,Gol_fatti,Gol_subiti,Rigori_parati,Rigori_sbagliati,Assist,Ammonizioni,Espulsioni,Autogol) VALUES (1981,0,0,0,0,0,0,0,0,0);
INSERT INTO Statistiche(Calciatore_Id,Partite_giocate,Gol_fatti,Gol_subiti,Rigori_parati,Rigori_sbagliati,Assist,Ammonizioni,Espulsioni,Autogol) VALUES (1982,0,0,0,0,0,0,0,0,0);
INSERT INTO Statistiche(Calciatore_Id,Partite_giocate,Gol_fatti,Gol_subiti,Rigori_parati,Rigori_sbagliati,Assist,Ammonizioni,Espulsioni,Autogol) VALUES (1984,0,0,0,0,0,0,0,0,0);
INSERT INTO Statistiche(Calciatore_Id,Partite_giocate,Gol_fatti,Gol_subiti,Rigori_parati,Rigori_sbagliati,Assist,Ammonizioni,Espulsioni,Autogol) VALUES (1986,11,0,0,0,0,1,1,0,0);
INSERT INTO Statistiche(Calciatore_Id,Partite_giocate,Gol_fatti,Gol_subiti,Rigori_parati,Rigori_sbagliati,Assist,Ammonizioni,Espulsioni,Autogol) VALUES (1987,12,1,0,0,0,0,2,0,0);
INSERT INTO Statistiche(Calciatore_Id,Partite_giocate,Gol_fatti,Gol_subiti,Rigori_parati,Rigori_sbagliati,Assist,Ammonizioni,Espulsioni,Autogol) VALUES (1995,10,3,0,0,0,1,4,0,0);
INSERT INTO Statistiche(Calciatore_Id,Partite_giocate,Gol_fatti,Gol_subiti,Rigori_parati,Rigori_sbagliati,Assist,Ammonizioni,Espulsioni,Autogol) VALUES (1996,13,1,0,0,0,1,2,1,0);
INSERT INTO Statistiche(Calciatore_Id,Partite_giocate,Gol_fatti,Gol_subiti,Rigori_parati,Rigori_sbagliati,Assist,Ammonizioni,Espulsioni,Autogol) VALUES (1998,0,0,0,0,0,0,0,0,0);
INSERT INTO Statistiche(Calciatore_Id,Partite_giocate,Gol_fatti,Gol_subiti,Rigori_parati,Rigori_sbagliati,Assist,Ammonizioni,Espulsioni,Autogol) VALUES (1999,2,0,0,0,0,1,0,0,0);
INSERT INTO Statistiche(Calciatore_Id,Partite_giocate,Gol_fatti,Gol_subiti,Rigori_parati,Rigori_sbagliati,Assist,Ammonizioni,Espulsioni,Autogol) VALUES (2002,14,2,0,0,1,2,3,0,0);
INSERT INTO Statistiche(Calciatore_Id,Partite_giocate,Gol_fatti,Gol_subiti,Rigori_parati,Rigori_sbagliati,Assist,Ammonizioni,Espulsioni,Autogol) VALUES (2003,12,0,0,0,0,1,1,0,0);
INSERT INTO Statistiche(Calciatore_Id,Partite_giocate,Gol_fatti,Gol_subiti,Rigori_parati,Rigori_sbagliati,Assist,Ammonizioni,Espulsioni,Autogol) VALUES (2006,13,0,0,0,0,0,3,0,0);
INSERT INTO Statistiche(Calciatore_Id,Partite_giocate,Gol_fatti,Gol_subiti,Rigori_parati,Rigori_sbagliati,Assist,Ammonizioni,Espulsioni,Autogol) VALUES (2007,0,0,0,0,0,0,0,0,0);
INSERT INTO Statistiche(Calciatore_Id,Partite_giocate,Gol_fatti,Gol_subiti,Rigori_parati,Rigori_sbagliati,Assist,Ammonizioni,Espulsioni,Autogol) VALUES (2008,9,0,0,0,0,2,1,0,0);
INSERT INTO Statistiche(Calciatore_Id,Partite_giocate,Gol_fatti,Gol_subiti,Rigori_parati,Rigori_sbagliati,Assist,Ammonizioni,Espulsioni,Autogol) VALUES (2009,10,0,0,0,0,1,3,0,0);
INSERT INTO Statistiche(Calciatore_Id,Partite_giocate,Gol_fatti,Gol_subiti,Rigori_parati,Rigori_sbagliati,Assist,Ammonizioni,Espulsioni,Autogol) VALUES (2011,13,2,0,0,0,2,4,0,0);
INSERT INTO Statistiche(Calciatore_Id,Partite_giocate,Gol_fatti,Gol_subiti,Rigori_parati,Rigori_sbagliati,Assist,Ammonizioni,Espulsioni,Autogol) VALUES (2012,7,6,0,0,0,0,2,0,0);
INSERT INTO Statistiche(Calciatore_Id,Partite_giocate,Gol_fatti,Gol_subiti,Rigori_parati,Rigori_sbagliati,Assist,Ammonizioni,Espulsioni,Autogol) VALUES (2016,10,0,0,0,0,0,0,1,0);
INSERT INTO Statistiche(Calciatore_Id,Partite_giocate,Gol_fatti,Gol_subiti,Rigori_parati,Rigori_sbagliati,Assist,Ammonizioni,Espulsioni,Autogol) VALUES (2038,14,2,0,0,0,1,0,0,0);
INSERT INTO Statistiche(Calciatore_Id,Partite_giocate,Gol_fatti,Gol_subiti,Rigori_parati,Rigori_sbagliati,Assist,Ammonizioni,Espulsioni,Autogol) VALUES (2048,0,0,0,0,0,0,0,0,0);
INSERT INTO Statistiche(Calciatore_Id,Partite_giocate,Gol_fatti,Gol_subiti,Rigori_parati,Rigori_sbagliati,Assist,Ammonizioni,Espulsioni,Autogol) VALUES (2057,0,0,0,0,0,0,0,0,0);
INSERT INTO Statistiche(Calciatore_Id,Partite_giocate,Gol_fatti,Gol_subiti,Rigori_parati,Rigori_sbagliati,Assist,Ammonizioni,Espulsioni,Autogol) VALUES (2061,15,5,0,0,0,2,2,0,0);
INSERT INTO Statistiche(Calciatore_Id,Partite_giocate,Gol_fatti,Gol_subiti,Rigori_parati,Rigori_sbagliati,Assist,Ammonizioni,Espulsioni,Autogol) VALUES (2062,6,0,0,0,0,0,2,0,1);
INSERT INTO Statistiche(Calciatore_Id,Partite_giocate,Gol_fatti,Gol_subiti,Rigori_parati,Rigori_sbagliati,Assist,Ammonizioni,Espulsioni,Autogol) VALUES (2065,0,0,0,0,0,0,0,0,0);
INSERT INTO Statistiche(Calciatore_Id,Partite_giocate,Gol_fatti,Gol_subiti,Rigori_parati,Rigori_sbagliati,Assist,Ammonizioni,Espulsioni,Autogol) VALUES (2070,0,0,0,0,0,0,0,0,0);
INSERT INTO Statistiche(Calciatore_Id,Partite_giocate,Gol_fatti,Gol_subiti,Rigori_parati,Rigori_sbagliati,Assist,Ammonizioni,Espulsioni,Autogol) VALUES (2073,0,0,0,0,0,0,0,0,0);
INSERT INTO Statistiche(Calciatore_Id,Partite_giocate,Gol_fatti,Gol_subiti,Rigori_parati,Rigori_sbagliati,Assist,Ammonizioni,Espulsioni,Autogol) VALUES (2075,1,0,0,0,0,0,0,0,0);
INSERT INTO Statistiche(Calciatore_Id,Partite_giocate,Gol_fatti,Gol_subiti,Rigori_parati,Rigori_sbagliati,Assist,Ammonizioni,Espulsioni,Autogol) VALUES (2076,14,1,0,0,0,0,5,0,0);
INSERT INTO Statistiche(Calciatore_Id,Partite_giocate,Gol_fatti,Gol_subiti,Rigori_parati,Rigori_sbagliati,Assist,Ammonizioni,Espulsioni,Autogol) VALUES (2077,15,3,0,0,0,1,3,0,1);
INSERT INTO Statistiche(Calciatore_Id,Partite_giocate,Gol_fatti,Gol_subiti,Rigori_parati,Rigori_sbagliati,Assist,Ammonizioni,Espulsioni,Autogol) VALUES (2078,0,0,0,0,0,0,0,0,0);
INSERT INTO Statistiche(Calciatore_Id,Partite_giocate,Gol_fatti,Gol_subiti,Rigori_parati,Rigori_sbagliati,Assist,Ammonizioni,Espulsioni,Autogol) VALUES (2083,5,0,0,0,0,0,0,1,0);
INSERT INTO Statistiche(Calciatore_Id,Partite_giocate,Gol_fatti,Gol_subiti,Rigori_parati,Rigori_sbagliati,Assist,Ammonizioni,Espulsioni,Autogol) VALUES (2085,16,3,0,0,0,11,4,0,0);
INSERT INTO Statistiche(Calciatore_Id,Partite_giocate,Gol_fatti,Gol_subiti,Rigori_parati,Rigori_sbagliati,Assist,Ammonizioni,Espulsioni,Autogol) VALUES (2091,0,0,0,0,0,0,0,0,0);
INSERT INTO Statistiche(Calciatore_Id,Partite_giocate,Gol_fatti,Gol_subiti,Rigori_parati,Rigori_sbagliati,Assist,Ammonizioni,Espulsioni,Autogol) VALUES (2096,0,0,0,0,0,0,0,0,0);
INSERT INTO Statistiche(Calciatore_Id,Partite_giocate,Gol_fatti,Gol_subiti,Rigori_parati,Rigori_sbagliati,Assist,Ammonizioni,Espulsioni,Autogol) VALUES (2097,0,0,0,0,0,0,0,0,0);
INSERT INTO Statistiche(Calciatore_Id,Partite_giocate,Gol_fatti,Gol_subiti,Rigori_parati,Rigori_sbagliati,Assist,Ammonizioni,Espulsioni,Autogol) VALUES (2104,10,0,0,0,0,0,3,0,0);
INSERT INTO Statistiche(Calciatore_Id,Partite_giocate,Gol_fatti,Gol_subiti,Rigori_parati,Rigori_sbagliati,Assist,Ammonizioni,Espulsioni,Autogol) VALUES (2106,2,0,0,0,0,0,0,0,0);
INSERT INTO Statistiche(Calciatore_Id,Partite_giocate,Gol_fatti,Gol_subiti,Rigori_parati,Rigori_sbagliati,Assist,Ammonizioni,Espulsioni,Autogol) VALUES (2116,5,1,0,0,0,0,1,0,1);
INSERT INTO Statistiche(Calciatore_Id,Partite_giocate,Gol_fatti,Gol_subiti,Rigori_parati,Rigori_sbagliati,Assist,Ammonizioni,Espulsioni,Autogol) VALUES (2120,7,0,0,0,0,0,3,0,0);
INSERT INTO Statistiche(Calciatore_Id,Partite_giocate,Gol_fatti,Gol_subiti,Rigori_parati,Rigori_sbagliati,Assist,Ammonizioni,Espulsioni,Autogol) VALUES (2127,0,0,0,0,0,0,0,0,0);
INSERT INTO Statistiche(Calciatore_Id,Partite_giocate,Gol_fatti,Gol_subiti,Rigori_parati,Rigori_sbagliati,Assist,Ammonizioni,Espulsioni,Autogol) VALUES (2129,0,0,0,0,0,0,0,0,0);
INSERT INTO Statistiche(Calciatore_Id,Partite_giocate,Gol_fatti,Gol_subiti,Rigori_parati,Rigori_sbagliati,Assist,Ammonizioni,Espulsioni,Autogol) VALUES (2130,14,0,0,0,0,3,4,0,0);
INSERT INTO Statistiche(Calciatore_Id,Partite_giocate,Gol_fatti,Gol_subiti,Rigori_parati,Rigori_sbagliati,Assist,Ammonizioni,Espulsioni,Autogol) VALUES (2134,0,0,0,0,0,0,0,0,0);
INSERT INTO Statistiche(Calciatore_Id,Partite_giocate,Gol_fatti,Gol_subiti,Rigori_parati,Rigori_sbagliati,Assist,Ammonizioni,Espulsioni,Autogol) VALUES (2141,13,0,0,0,0,0,4,0,0);
INSERT INTO Statistiche(Calciatore_Id,Partite_giocate,Gol_fatti,Gol_subiti,Rigori_parati,Rigori_sbagliati,Assist,Ammonizioni,Espulsioni,Autogol) VALUES (2144,0,0,0,0,0,0,0,0,0);
INSERT INTO Statistiche(Calciatore_Id,Partite_giocate,Gol_fatti,Gol_subiti,Rigori_parati,Rigori_sbagliati,Assist,Ammonizioni,Espulsioni,Autogol) VALUES (2146,0,0,0,0,0,0,0,0,0);
INSERT INTO Statistiche(Calciatore_Id,Partite_giocate,Gol_fatti,Gol_subiti,Rigori_parati,Rigori_sbagliati,Assist,Ammonizioni,Espulsioni,Autogol) VALUES (2155,0,0,0,0,0,0,0,0,0);
INSERT INTO Statistiche(Calciatore_Id,Partite_giocate,Gol_fatti,Gol_subiti,Rigori_parati,Rigori_sbagliati,Assist,Ammonizioni,Espulsioni,Autogol) VALUES (2157,0,0,0,0,0,0,0,0,0);
INSERT INTO Statistiche(Calciatore_Id,Partite_giocate,Gol_fatti,Gol_subiti,Rigori_parati,Rigori_sbagliati,Assist,Ammonizioni,Espulsioni,Autogol) VALUES (2160,13,4,0,0,0,2,1,0,0);
INSERT INTO Statistiche(Calciatore_Id,Partite_giocate,Gol_fatti,Gol_subiti,Rigori_parati,Rigori_sbagliati,Assist,Ammonizioni,Espulsioni,Autogol) VALUES (2161,0,0,0,0,0,0,0,0,0);
INSERT INTO Statistiche(Calciatore_Id,Partite_giocate,Gol_fatti,Gol_subiti,Rigori_parati,Rigori_sbagliati,Assist,Ammonizioni,Espulsioni,Autogol) VALUES (2163,11,5,0,0,0,0,1,0,0);
INSERT INTO Statistiche(Calciatore_Id,Partite_giocate,Gol_fatti,Gol_subiti,Rigori_parati,Rigori_sbagliati,Assist,Ammonizioni,Espulsioni,Autogol) VALUES (2164,16,3,0,0,0,0,3,0,0);
INSERT INTO Statistiche(Calciatore_Id,Partite_giocate,Gol_fatti,Gol_subiti,Rigori_parati,Rigori_sbagliati,Assist,Ammonizioni,Espulsioni,Autogol) VALUES (2165,0,0,0,0,0,0,0,0,0);
INSERT INTO Statistiche(Calciatore_Id,Partite_giocate,Gol_fatti,Gol_subiti,Rigori_parati,Rigori_sbagliati,Assist,Ammonizioni,Espulsioni,Autogol) VALUES (2166,13,0,0,0,0,4,5,0,0);
INSERT INTO Statistiche(Calciatore_Id,Partite_giocate,Gol_fatti,Gol_subiti,Rigori_parati,Rigori_sbagliati,Assist,Ammonizioni,Espulsioni,Autogol) VALUES (2167,16,2,0,0,0,4,2,0,0);
INSERT INTO Statistiche(Calciatore_Id,Partite_giocate,Gol_fatti,Gol_subiti,Rigori_parati,Rigori_sbagliati,Assist,Ammonizioni,Espulsioni,Autogol) VALUES (2168,13,0,0,0,0,0,3,1,0);
INSERT INTO Statistiche(Calciatore_Id,Partite_giocate,Gol_fatti,Gol_subiti,Rigori_parati,Rigori_sbagliati,Assist,Ammonizioni,Espulsioni,Autogol) VALUES (2169,4,0,0,0,0,0,0,0,0);
INSERT INTO Statistiche(Calciatore_Id,Partite_giocate,Gol_fatti,Gol_subiti,Rigori_parati,Rigori_sbagliati,Assist,Ammonizioni,Espulsioni,Autogol) VALUES (2171,6,0,0,0,0,0,1,0,0);
INSERT INTO Statistiche(Calciatore_Id,Partite_giocate,Gol_fatti,Gol_subiti,Rigori_parati,Rigori_sbagliati,Assist,Ammonizioni,Espulsioni,Autogol) VALUES (2172,7,0,0,0,0,0,1,0,0);
INSERT INTO Statistiche(Calciatore_Id,Partite_giocate,Gol_fatti,Gol_subiti,Rigori_parati,Rigori_sbagliati,Assist,Ammonizioni,Espulsioni,Autogol) VALUES (2173,0,0,0,0,0,0,0,0,0);
INSERT INTO Statistiche(Calciatore_Id,Partite_giocate,Gol_fatti,Gol_subiti,Rigori_parati,Rigori_sbagliati,Assist,Ammonizioni,Espulsioni,Autogol) VALUES (2174,5,0,0,0,0,1,2,0,0);
INSERT INTO Statistiche(Calciatore_Id,Partite_giocate,Gol_fatti,Gol_subiti,Rigori_parati,Rigori_sbagliati,Assist,Ammonizioni,Espulsioni,Autogol) VALUES (2175,1,0,0,0,0,0,1,0,0);
INSERT INTO Statistiche(Calciatore_Id,Partite_giocate,Gol_fatti,Gol_subiti,Rigori_parati,Rigori_sbagliati,Assist,Ammonizioni,Espulsioni,Autogol) VALUES (2178,0,0,0,0,0,0,0,0,0);
INSERT INTO Statistiche(Calciatore_Id,Partite_giocate,Gol_fatti,Gol_subiti,Rigori_parati,Rigori_sbagliati,Assist,Ammonizioni,Espulsioni,Autogol) VALUES (2179,16,0,24,1,0,0,1,0,0);
INSERT INTO Statistiche(Calciatore_Id,Partite_giocate,Gol_fatti,Gol_subiti,Rigori_parati,Rigori_sbagliati,Assist,Ammonizioni,Espulsioni,Autogol) VALUES (2180,0,0,0,0,0,0,0,0,0);
INSERT INTO Statistiche(Calciatore_Id,Partite_giocate,Gol_fatti,Gol_subiti,Rigori_parati,Rigori_sbagliati,Assist,Ammonizioni,Espulsioni,Autogol) VALUES (2181,12,0,0,0,0,0,1,0,1);
INSERT INTO Statistiche(Calciatore_Id,Partite_giocate,Gol_fatti,Gol_subiti,Rigori_parati,Rigori_sbagliati,Assist,Ammonizioni,Espulsioni,Autogol) VALUES (2184,0,0,0,0,0,0,0,0,0);
INSERT INTO Statistiche(Calciatore_Id,Partite_giocate,Gol_fatti,Gol_subiti,Rigori_parati,Rigori_sbagliati,Assist,Ammonizioni,Espulsioni,Autogol) VALUES (2187,2,0,0,0,0,0,1,0,0);
INSERT INTO Statistiche(Calciatore_Id,Partite_giocate,Gol_fatti,Gol_subiti,Rigori_parati,Rigori_sbagliati,Assist,Ammonizioni,Espulsioni,Autogol) VALUES (2188,6,1,0,0,0,0,2,0,0);
INSERT INTO Statistiche(Calciatore_Id,Partite_giocate,Gol_fatti,Gol_subiti,Rigori_parati,Rigori_sbagliati,Assist,Ammonizioni,Espulsioni,Autogol) VALUES (2191,0,0,0,0,0,0,0,0,0);
INSERT INTO Statistiche(Calciatore_Id,Partite_giocate,Gol_fatti,Gol_subiti,Rigori_parati,Rigori_sbagliati,Assist,Ammonizioni,Espulsioni,Autogol) VALUES (2192,3,1,0,0,0,0,0,0,0);
INSERT INTO Statistiche(Calciatore_Id,Partite_giocate,Gol_fatti,Gol_subiti,Rigori_parati,Rigori_sbagliati,Assist,Ammonizioni,Espulsioni,Autogol) VALUES (2193,0,0,0,0,0,0,0,0,0);
INSERT INTO Statistiche(Calciatore_Id,Partite_giocate,Gol_fatti,Gol_subiti,Rigori_parati,Rigori_sbagliati,Assist,Ammonizioni,Espulsioni,Autogol) VALUES (2194,15,2,0,0,0,1,5,0,0);
INSERT INTO Statistiche(Calciatore_Id,Partite_giocate,Gol_fatti,Gol_subiti,Rigori_parati,Rigori_sbagliati,Assist,Ammonizioni,Espulsioni,Autogol) VALUES (2195,0,0,0,0,0,0,0,0,0);
INSERT INTO Statistiche(Calciatore_Id,Partite_giocate,Gol_fatti,Gol_subiti,Rigori_parati,Rigori_sbagliati,Assist,Ammonizioni,Espulsioni,Autogol) VALUES (2197,11,1,0,0,0,1,2,0,0);
INSERT INTO Statistiche(Calciatore_Id,Partite_giocate,Gol_fatti,Gol_subiti,Rigori_parati,Rigori_sbagliati,Assist,Ammonizioni,Espulsioni,Autogol) VALUES (2200,8,0,0,0,0,2,1,0,0);
INSERT INTO Statistiche(Calciatore_Id,Partite_giocate,Gol_fatti,Gol_subiti,Rigori_parati,Rigori_sbagliati,Assist,Ammonizioni,Espulsioni,Autogol) VALUES (2201,6,1,0,0,0,0,1,0,0);
INSERT INTO Statistiche(Calciatore_Id,Partite_giocate,Gol_fatti,Gol_subiti,Rigori_parati,Rigori_sbagliati,Assist,Ammonizioni,Espulsioni,Autogol) VALUES (2205,9,4,0,0,0,0,2,0,0);
INSERT INTO Statistiche(Calciatore_Id,Partite_giocate,Gol_fatti,Gol_subiti,Rigori_parati,Rigori_sbagliati,Assist,Ammonizioni,Espulsioni,Autogol) VALUES (2208,0,0,0,0,0,0,0,0,0);
INSERT INTO Statistiche(Calciatore_Id,Partite_giocate,Gol_fatti,Gol_subiti,Rigori_parati,Rigori_sbagliati,Assist,Ammonizioni,Espulsioni,Autogol) VALUES (2209,13,0,0,0,0,0,4,1,0);
INSERT INTO Statistiche(Calciatore_Id,Partite_giocate,Gol_fatti,Gol_subiti,Rigori_parati,Rigori_sbagliati,Assist,Ammonizioni,Espulsioni,Autogol) VALUES (2210,0,0,0,0,0,0,0,0,0);
INSERT INTO Statistiche(Calciatore_Id,Partite_giocate,Gol_fatti,Gol_subiti,Rigori_parati,Rigori_sbagliati,Assist,Ammonizioni,Espulsioni,Autogol) VALUES (2211,16,0,20,0,0,0,1,0,0);
INSERT INTO Statistiche(Calciatore_Id,Partite_giocate,Gol_fatti,Gol_subiti,Rigori_parati,Rigori_sbagliati,Assist,Ammonizioni,Espulsioni,Autogol) VALUES (2212,0,0,0,0,0,0,0,0,0);
INSERT INTO Statistiche(Calciatore_Id,Partite_giocate,Gol_fatti,Gol_subiti,Rigori_parati,Rigori_sbagliati,Assist,Ammonizioni,Espulsioni,Autogol) VALUES (2213,8,0,0,0,0,0,2,1,0);
INSERT INTO Statistiche(Calciatore_Id,Partite_giocate,Gol_fatti,Gol_subiti,Rigori_parati,Rigori_sbagliati,Assist,Ammonizioni,Espulsioni,Autogol) VALUES (2214,16,4,0,0,2,2,2,0,0);
INSERT INTO Statistiche(Calciatore_Id,Partite_giocate,Gol_fatti,Gol_subiti,Rigori_parati,Rigori_sbagliati,Assist,Ammonizioni,Espulsioni,Autogol) VALUES (2215,14,1,0,0,0,0,1,0,0);
INSERT INTO Statistiche(Calciatore_Id,Partite_giocate,Gol_fatti,Gol_subiti,Rigori_parati,Rigori_sbagliati,Assist,Ammonizioni,Espulsioni,Autogol) VALUES (2241,15,1,0,0,0,0,5,0,0);
INSERT INTO Statistiche(Calciatore_Id,Partite_giocate,Gol_fatti,Gol_subiti,Rigori_parati,Rigori_sbagliati,Assist,Ammonizioni,Espulsioni,Autogol) VALUES (2243,0,0,0,0,0,0,0,0,0);
INSERT INTO Statistiche(Calciatore_Id,Partite_giocate,Gol_fatti,Gol_subiti,Rigori_parati,Rigori_sbagliati,Assist,Ammonizioni,Espulsioni,Autogol) VALUES (2246,0,0,0,0,0,0,0,0,0);
INSERT INTO Statistiche(Calciatore_Id,Partite_giocate,Gol_fatti,Gol_subiti,Rigori_parati,Rigori_sbagliati,Assist,Ammonizioni,Espulsioni,Autogol) VALUES (2247,0,0,0,0,0,0,0,0,0);
INSERT INTO Statistiche(Calciatore_Id,Partite_giocate,Gol_fatti,Gol_subiti,Rigori_parati,Rigori_sbagliati,Assist,Ammonizioni,Espulsioni,Autogol) VALUES (2261,16,0,0,0,0,0,3,0,0);
INSERT INTO Statistiche(Calciatore_Id,Partite_giocate,Gol_fatti,Gol_subiti,Rigori_parati,Rigori_sbagliati,Assist,Ammonizioni,Espulsioni,Autogol) VALUES (2263,11,0,0,0,0,1,2,0,0);
INSERT INTO Statistiche(Calciatore_Id,Partite_giocate,Gol_fatti,Gol_subiti,Rigori_parati,Rigori_sbagliati,Assist,Ammonizioni,Espulsioni,Autogol) VALUES (2270,0,0,0,0,0,0,0,0,0);
INSERT INTO Statistiche(Calciatore_Id,Partite_giocate,Gol_fatti,Gol_subiti,Rigori_parati,Rigori_sbagliati,Assist,Ammonizioni,Espulsioni,Autogol) VALUES (2271,0,0,0,0,0,0,0,0,0);
INSERT INTO Statistiche(Calciatore_Id,Partite_giocate,Gol_fatti,Gol_subiti,Rigori_parati,Rigori_sbagliati,Assist,Ammonizioni,Espulsioni,Autogol) VALUES (2274,12,1,0,0,0,0,2,0,0);
INSERT INTO Statistiche(Calciatore_Id,Partite_giocate,Gol_fatti,Gol_subiti,Rigori_parati,Rigori_sbagliati,Assist,Ammonizioni,Espulsioni,Autogol) VALUES (2279,9,0,0,0,0,0,1,0,0);
INSERT INTO Statistiche(Calciatore_Id,Partite_giocate,Gol_fatti,Gol_subiti,Rigori_parati,Rigori_sbagliati,Assist,Ammonizioni,Espulsioni,Autogol) VALUES (2280,6,0,0,0,0,0,2,0,0);
INSERT INTO Statistiche(Calciatore_Id,Partite_giocate,Gol_fatti,Gol_subiti,Rigori_parati,Rigori_sbagliati,Assist,Ammonizioni,Espulsioni,Autogol) VALUES (2281,0,0,0,0,0,0,0,0,0);
INSERT INTO Statistiche(Calciatore_Id,Partite_giocate,Gol_fatti,Gol_subiti,Rigori_parati,Rigori_sbagliati,Assist,Ammonizioni,Espulsioni,Autogol) VALUES (2284,11,4,0,0,1,0,3,0,0);
INSERT INTO Statistiche(Calciatore_Id,Partite_giocate,Gol_fatti,Gol_subiti,Rigori_parati,Rigori_sbagliati,Assist,Ammonizioni,Espulsioni,Autogol) VALUES (2285,13,2,0,0,0,0,6,0,0);
INSERT INTO Statistiche(Calciatore_Id,Partite_giocate,Gol_fatti,Gol_subiti,Rigori_parati,Rigori_sbagliati,Assist,Ammonizioni,Espulsioni,Autogol) VALUES (2287,10,3,0,0,0,1,3,0,0);
INSERT INTO Statistiche(Calciatore_Id,Partite_giocate,Gol_fatti,Gol_subiti,Rigori_parati,Rigori_sbagliati,Assist,Ammonizioni,Espulsioni,Autogol) VALUES (2288,10,0,0,0,0,0,0,1,0);
INSERT INTO Statistiche(Calciatore_Id,Partite_giocate,Gol_fatti,Gol_subiti,Rigori_parati,Rigori_sbagliati,Assist,Ammonizioni,Espulsioni,Autogol) VALUES (2289,15,0,0,0,0,3,4,0,0);
INSERT INTO Statistiche(Calciatore_Id,Partite_giocate,Gol_fatti,Gol_subiti,Rigori_parati,Rigori_sbagliati,Assist,Ammonizioni,Espulsioni,Autogol) VALUES (2290,1,0,0,0,0,0,0,0,0);
INSERT INTO Statistiche(Calciatore_Id,Partite_giocate,Gol_fatti,Gol_subiti,Rigori_parati,Rigori_sbagliati,Assist,Ammonizioni,Espulsioni,Autogol) VALUES (2291,0,0,0,0,0,0,0,0,0);
INSERT INTO Statistiche(Calciatore_Id,Partite_giocate,Gol_fatti,Gol_subiti,Rigori_parati,Rigori_sbagliati,Assist,Ammonizioni,Espulsioni,Autogol) VALUES (2294,0,0,0,0,0,0,0,0,0);
INSERT INTO Statistiche(Calciatore_Id,Partite_giocate,Gol_fatti,Gol_subiti,Rigori_parati,Rigori_sbagliati,Assist,Ammonizioni,Espulsioni,Autogol) VALUES (2296,14,1,0,0,0,0,5,1,0);
INSERT INTO Statistiche(Calciatore_Id,Partite_giocate,Gol_fatti,Gol_subiti,Rigori_parati,Rigori_sbagliati,Assist,Ammonizioni,Espulsioni,Autogol) VALUES (2297,0,0,0,0,0,0,0,0,0);
INSERT INTO Statistiche(Calciatore_Id,Partite_giocate,Gol_fatti,Gol_subiti,Rigori_parati,Rigori_sbagliati,Assist,Ammonizioni,Espulsioni,Autogol) VALUES (2304,9,1,0,0,0,0,0,0,0);
INSERT INTO Statistiche(Calciatore_Id,Partite_giocate,Gol_fatti,Gol_subiti,Rigori_parati,Rigori_sbagliati,Assist,Ammonizioni,Espulsioni,Autogol) VALUES (2306,15,0,0,0,0,0,1,0,0);
INSERT INTO Statistiche(Calciatore_Id,Partite_giocate,Gol_fatti,Gol_subiti,Rigori_parati,Rigori_sbagliati,Assist,Ammonizioni,Espulsioni,Autogol) VALUES (2309,13,1,0,0,0,0,5,0,0);
INSERT INTO Statistiche(Calciatore_Id,Partite_giocate,Gol_fatti,Gol_subiti,Rigori_parati,Rigori_sbagliati,Assist,Ammonizioni,Espulsioni,Autogol) VALUES (2310,0,0,0,0,0,0,0,0,0);
INSERT INTO Statistiche(Calciatore_Id,Partite_giocate,Gol_fatti,Gol_subiti,Rigori_parati,Rigori_sbagliati,Assist,Ammonizioni,Espulsioni,Autogol) VALUES (2312,0,0,0,0,0,0,0,0,0);
INSERT INTO Statistiche(Calciatore_Id,Partite_giocate,Gol_fatti,Gol_subiti,Rigori_parati,Rigori_sbagliati,Assist,Ammonizioni,Espulsioni,Autogol) VALUES (2314,0,0,0,0,0,0,0,0,0);
INSERT INTO Statistiche(Calciatore_Id,Partite_giocate,Gol_fatti,Gol_subiti,Rigori_parati,Rigori_sbagliati,Assist,Ammonizioni,Espulsioni,Autogol) VALUES (2315,12,0,0,0,0,1,1,0,0);
INSERT INTO Statistiche(Calciatore_Id,Partite_giocate,Gol_fatti,Gol_subiti,Rigori_parati,Rigori_sbagliati,Assist,Ammonizioni,Espulsioni,Autogol) VALUES (2317,0,0,0,0,0,0,0,0,0);
INSERT INTO Statistiche(Calciatore_Id,Partite_giocate,Gol_fatti,Gol_subiti,Rigori_parati,Rigori_sbagliati,Assist,Ammonizioni,Espulsioni,Autogol) VALUES (2318,2,0,0,0,0,1,1,0,0);
INSERT INTO Statistiche(Calciatore_Id,Partite_giocate,Gol_fatti,Gol_subiti,Rigori_parati,Rigori_sbagliati,Assist,Ammonizioni,Espulsioni,Autogol) VALUES (2324,0,0,0,0,0,0,0,0,0);
INSERT INTO Statistiche(Calciatore_Id,Partite_giocate,Gol_fatti,Gol_subiti,Rigori_parati,Rigori_sbagliati,Assist,Ammonizioni,Espulsioni,Autogol) VALUES (2325,5,1,0,0,0,1,0,0,0);
INSERT INTO Statistiche(Calciatore_Id,Partite_giocate,Gol_fatti,Gol_subiti,Rigori_parati,Rigori_sbagliati,Assist,Ammonizioni,Espulsioni,Autogol) VALUES (2327,11,1,0,0,0,0,1,1,0);
INSERT INTO Statistiche(Calciatore_Id,Partite_giocate,Gol_fatti,Gol_subiti,Rigori_parati,Rigori_sbagliati,Assist,Ammonizioni,Espulsioni,Autogol) VALUES (2332,0,0,0,0,0,0,0,0,0);
INSERT INTO Statistiche(Calciatore_Id,Partite_giocate,Gol_fatti,Gol_subiti,Rigori_parati,Rigori_sbagliati,Assist,Ammonizioni,Espulsioni,Autogol) VALUES (2333,0,0,0,0,0,0,0,0,0);
INSERT INTO Statistiche(Calciatore_Id,Partite_giocate,Gol_fatti,Gol_subiti,Rigori_parati,Rigori_sbagliati,Assist,Ammonizioni,Espulsioni,Autogol) VALUES (2334,7,0,0,0,0,0,0,0,0);
INSERT INTO Statistiche(Calciatore_Id,Partite_giocate,Gol_fatti,Gol_subiti,Rigori_parati,Rigori_sbagliati,Assist,Ammonizioni,Espulsioni,Autogol) VALUES (2335,13,1,0,0,0,1,3,0,0);
INSERT INTO Statistiche(Calciatore_Id,Partite_giocate,Gol_fatti,Gol_subiti,Rigori_parati,Rigori_sbagliati,Assist,Ammonizioni,Espulsioni,Autogol) VALUES (2355,13,0,0,0,0,0,3,0,0);
INSERT INTO Statistiche(Calciatore_Id,Partite_giocate,Gol_fatti,Gol_subiti,Rigori_parati,Rigori_sbagliati,Assist,Ammonizioni,Espulsioni,Autogol) VALUES (2378,8,0,0,0,0,0,0,0,0);
INSERT INTO Statistiche(Calciatore_Id,Partite_giocate,Gol_fatti,Gol_subiti,Rigori_parati,Rigori_sbagliati,Assist,Ammonizioni,Espulsioni,Autogol) VALUES (2379,9,0,0,0,0,0,1,1,0);
INSERT INTO Statistiche(Calciatore_Id,Partite_giocate,Gol_fatti,Gol_subiti,Rigori_parati,Rigori_sbagliati,Assist,Ammonizioni,Espulsioni,Autogol) VALUES (2389,3,0,0,0,0,0,0,0,0);
INSERT INTO Statistiche(Calciatore_Id,Partite_giocate,Gol_fatti,Gol_subiti,Rigori_parati,Rigori_sbagliati,Assist,Ammonizioni,Espulsioni,Autogol) VALUES (2391,16,0,0,0,0,0,2,0,0);
INSERT INTO Statistiche(Calciatore_Id,Partite_giocate,Gol_fatti,Gol_subiti,Rigori_parati,Rigori_sbagliati,Assist,Ammonizioni,Espulsioni,Autogol) VALUES (2392,9,0,0,0,0,0,1,0,0);
INSERT INTO Statistiche(Calciatore_Id,Partite_giocate,Gol_fatti,Gol_subiti,Rigori_parati,Rigori_sbagliati,Assist,Ammonizioni,Espulsioni,Autogol) VALUES (2409,11,2,0,0,0,2,1,1,0);
INSERT INTO Statistiche(Calciatore_Id,Partite_giocate,Gol_fatti,Gol_subiti,Rigori_parati,Rigori_sbagliati,Assist,Ammonizioni,Espulsioni,Autogol) VALUES (2446,0,0,0,0,0,0,0,0,0);
INSERT INTO Statistiche(Calciatore_Id,Partite_giocate,Gol_fatti,Gol_subiti,Rigori_parati,Rigori_sbagliati,Assist,Ammonizioni,Espulsioni,Autogol) VALUES (2468,5,0,5,0,0,0,0,0,0);
INSERT INTO Statistiche(Calciatore_Id,Partite_giocate,Gol_fatti,Gol_subiti,Rigori_parati,Rigori_sbagliati,Assist,Ammonizioni,Espulsioni,Autogol) VALUES (2472,8,1,0,0,0,0,0,0,0);
INSERT INTO Statistiche(Calciatore_Id,Partite_giocate,Gol_fatti,Gol_subiti,Rigori_parati,Rigori_sbagliati,Assist,Ammonizioni,Espulsioni,Autogol) VALUES (2475,3,1,0,0,0,0,0,1,0);
INSERT INTO Statistiche(Calciatore_Id,Partite_giocate,Gol_fatti,Gol_subiti,Rigori_parati,Rigori_sbagliati,Assist,Ammonizioni,Espulsioni,Autogol) VALUES (2504,7,0,0,0,0,0,2,0,0);
INSERT INTO Statistiche(Calciatore_Id,Partite_giocate,Gol_fatti,Gol_subiti,Rigori_parati,Rigori_sbagliati,Assist,Ammonizioni,Espulsioni,Autogol) VALUES (2525,12,0,0,0,0,1,2,0,0);
INSERT INTO Statistiche(Calciatore_Id,Partite_giocate,Gol_fatti,Gol_subiti,Rigori_parati,Rigori_sbagliati,Assist,Ammonizioni,Espulsioni,Autogol) VALUES (2529,7,3,0,0,0,1,1,0,0);
INSERT INTO Statistiche(Calciatore_Id,Partite_giocate,Gol_fatti,Gol_subiti,Rigori_parati,Rigori_sbagliati,Assist,Ammonizioni,Espulsioni,Autogol) VALUES (2531,16,10,0,0,0,0,0,0,0);
INSERT INTO Statistiche(Calciatore_Id,Partite_giocate,Gol_fatti,Gol_subiti,Rigori_parati,Rigori_sbagliati,Assist,Ammonizioni,Espulsioni,Autogol) VALUES (2572,11,0,0,0,0,1,1,0,0);
INSERT INTO Statistiche(Calciatore_Id,Partite_giocate,Gol_fatti,Gol_subiti,Rigori_parati,Rigori_sbagliati,Assist,Ammonizioni,Espulsioni,Autogol) VALUES (2610,14,10,0,0,0,1,0,0,0);
INSERT INTO Statistiche(Calciatore_Id,Partite_giocate,Gol_fatti,Gol_subiti,Rigori_parati,Rigori_sbagliati,Assist,Ammonizioni,Espulsioni,Autogol) VALUES (2617,0,0,0,0,0,0,0,0,0);
INSERT INTO Statistiche(Calciatore_Id,Partite_giocate,Gol_fatti,Gol_subiti,Rigori_parati,Rigori_sbagliati,Assist,Ammonizioni,Espulsioni,Autogol) VALUES (2625,10,2,0,0,0,1,1,1,0);
INSERT INTO Statistiche(Calciatore_Id,Partite_giocate,Gol_fatti,Gol_subiti,Rigori_parati,Rigori_sbagliati,Assist,Ammonizioni,Espulsioni,Autogol) VALUES (2633,5,0,0,0,0,0,2,0,0);
INSERT INTO Statistiche(Calciatore_Id,Partite_giocate,Gol_fatti,Gol_subiti,Rigori_parati,Rigori_sbagliati,Assist,Ammonizioni,Espulsioni,Autogol) VALUES (2642,0,0,0,0,0,0,0,0,0);
INSERT INTO Statistiche(Calciatore_Id,Partite_giocate,Gol_fatti,Gol_subiti,Rigori_parati,Rigori_sbagliati,Assist,Ammonizioni,Espulsioni,Autogol) VALUES (2646,0,0,0,0,0,0,0,0,0);
INSERT INTO Statistiche(Calciatore_Id,Partite_giocate,Gol_fatti,Gol_subiti,Rigori_parati,Rigori_sbagliati,Assist,Ammonizioni,Espulsioni,Autogol) VALUES (2648,0,0,0,0,0,0,0,0,0);
INSERT INTO Statistiche(Calciatore_Id,Partite_giocate,Gol_fatti,Gol_subiti,Rigori_parati,Rigori_sbagliati,Assist,Ammonizioni,Espulsioni,Autogol) VALUES (2653,7,0,0,0,0,0,3,0,0);
INSERT INTO Statistiche(Calciatore_Id,Partite_giocate,Gol_fatti,Gol_subiti,Rigori_parati,Rigori_sbagliati,Assist,Ammonizioni,Espulsioni,Autogol) VALUES (2657,2,0,0,0,0,0,1,0,0);
INSERT INTO Statistiche(Calciatore_Id,Partite_giocate,Gol_fatti,Gol_subiti,Rigori_parati,Rigori_sbagliati,Assist,Ammonizioni,Espulsioni,Autogol) VALUES (2659,0,0,0,0,0,0,0,0,0);
INSERT INTO Statistiche(Calciatore_Id,Partite_giocate,Gol_fatti,Gol_subiti,Rigori_parati,Rigori_sbagliati,Assist,Ammonizioni,Espulsioni,Autogol) VALUES (2664,3,0,0,0,0,0,1,0,0);
INSERT INTO Statistiche(Calciatore_Id,Partite_giocate,Gol_fatti,Gol_subiti,Rigori_parati,Rigori_sbagliati,Assist,Ammonizioni,Espulsioni,Autogol) VALUES (2692,7,0,0,0,0,0,0,0,0);
INSERT INTO Statistiche(Calciatore_Id,Partite_giocate,Gol_fatti,Gol_subiti,Rigori_parati,Rigori_sbagliati,Assist,Ammonizioni,Espulsioni,Autogol) VALUES (2719,7,0,0,0,1,2,0,0,0);
INSERT INTO Statistiche(Calciatore_Id,Partite_giocate,Gol_fatti,Gol_subiti,Rigori_parati,Rigori_sbagliati,Assist,Ammonizioni,Espulsioni,Autogol) VALUES (2724,0,0,0,0,0,0,0,0,0);
INSERT INTO Statistiche(Calciatore_Id,Partite_giocate,Gol_fatti,Gol_subiti,Rigori_parati,Rigori_sbagliati,Assist,Ammonizioni,Espulsioni,Autogol) VALUES (2726,1,0,0,0,0,0,0,0,0);
INSERT INTO Statistiche(Calciatore_Id,Partite_giocate,Gol_fatti,Gol_subiti,Rigori_parati,Rigori_sbagliati,Assist,Ammonizioni,Espulsioni,Autogol) VALUES (2728,11,0,0,0,0,3,6,0,0);
INSERT INTO Statistiche(Calciatore_Id,Partite_giocate,Gol_fatti,Gol_subiti,Rigori_parati,Rigori_sbagliati,Assist,Ammonizioni,Espulsioni,Autogol) VALUES (2732,0,0,0,0,0,0,0,0,0);
INSERT INTO Statistiche(Calciatore_Id,Partite_giocate,Gol_fatti,Gol_subiti,Rigori_parati,Rigori_sbagliati,Assist,Ammonizioni,Espulsioni,Autogol) VALUES (2739,11,0,0,0,0,0,1,0,0);
INSERT INTO Statistiche(Calciatore_Id,Partite_giocate,Gol_fatti,Gol_subiti,Rigori_parati,Rigori_sbagliati,Assist,Ammonizioni,Espulsioni,Autogol) VALUES (2740,0,0,0,0,0,0,0,0,0);
INSERT INTO Statistiche(Calciatore_Id,Partite_giocate,Gol_fatti,Gol_subiti,Rigori_parati,Rigori_sbagliati,Assist,Ammonizioni,Espulsioni,Autogol) VALUES (2741,15,2,0,0,0,0,2,0,0);
INSERT INTO Statistiche(Calciatore_Id,Partite_giocate,Gol_fatti,Gol_subiti,Rigori_parati,Rigori_sbagliati,Assist,Ammonizioni,Espulsioni,Autogol) VALUES (2742,0,0,0,0,0,0,0,0,0);
INSERT INTO Statistiche(Calciatore_Id,Partite_giocate,Gol_fatti,Gol_subiti,Rigori_parati,Rigori_sbagliati,Assist,Ammonizioni,Espulsioni,Autogol) VALUES (2743,13,1,0,0,0,0,3,0,0);
INSERT INTO Statistiche(Calciatore_Id,Partite_giocate,Gol_fatti,Gol_subiti,Rigori_parati,Rigori_sbagliati,Assist,Ammonizioni,Espulsioni,Autogol) VALUES (2744,9,0,0,0,0,1,1,0,0);
INSERT INTO Statistiche(Calciatore_Id,Partite_giocate,Gol_fatti,Gol_subiti,Rigori_parati,Rigori_sbagliati,Assist,Ammonizioni,Espulsioni,Autogol) VALUES (2745,0,0,0,0,0,0,0,0,0);
INSERT INTO Statistiche(Calciatore_Id,Partite_giocate,Gol_fatti,Gol_subiti,Rigori_parati,Rigori_sbagliati,Assist,Ammonizioni,Espulsioni,Autogol) VALUES (2746,4,0,0,0,0,0,2,0,0);
INSERT INTO Statistiche(Calciatore_Id,Partite_giocate,Gol_fatti,Gol_subiti,Rigori_parati,Rigori_sbagliati,Assist,Ammonizioni,Espulsioni,Autogol) VALUES (2747,1,0,0,0,0,1,0,0,0);
INSERT INTO Statistiche(Calciatore_Id,Partite_giocate,Gol_fatti,Gol_subiti,Rigori_parati,Rigori_sbagliati,Assist,Ammonizioni,Espulsioni,Autogol) VALUES (2752,0,0,0,0,0,0,0,0,0);
INSERT INTO Statistiche(Calciatore_Id,Partite_giocate,Gol_fatti,Gol_subiti,Rigori_parati,Rigori_sbagliati,Assist,Ammonizioni,Espulsioni,Autogol) VALUES (2754,0,0,0,0,0,0,0,0,0);
INSERT INTO Statistiche(Calciatore_Id,Partite_giocate,Gol_fatti,Gol_subiti,Rigori_parati,Rigori_sbagliati,Assist,Ammonizioni,Espulsioni,Autogol) VALUES (2756,16,4,0,0,0,0,1,0,0);
INSERT INTO Statistiche(Calciatore_Id,Partite_giocate,Gol_fatti,Gol_subiti,Rigori_parati,Rigori_sbagliati,Assist,Ammonizioni,Espulsioni,Autogol) VALUES (2758,14,0,0,0,0,0,6,0,0);
INSERT INTO Statistiche(Calciatore_Id,Partite_giocate,Gol_fatti,Gol_subiti,Rigori_parati,Rigori_sbagliati,Assist,Ammonizioni,Espulsioni,Autogol) VALUES (2759,10,3,0,0,0,0,3,0,0);
INSERT INTO Statistiche(Calciatore_Id,Partite_giocate,Gol_fatti,Gol_subiti,Rigori_parati,Rigori_sbagliati,Assist,Ammonizioni,Espulsioni,Autogol) VALUES (2760,0,0,0,0,0,0,0,0,0);
INSERT INTO Statistiche(Calciatore_Id,Partite_giocate,Gol_fatti,Gol_subiti,Rigori_parati,Rigori_sbagliati,Assist,Ammonizioni,Espulsioni,Autogol) VALUES (2761,0,0,0,0,0,0,0,0,0);
INSERT INTO Statistiche(Calciatore_Id,Partite_giocate,Gol_fatti,Gol_subiti,Rigori_parati,Rigori_sbagliati,Assist,Ammonizioni,Espulsioni,Autogol) VALUES (2762,11,5,0,0,0,2,1,0,0);
INSERT INTO Statistiche(Calciatore_Id,Partite_giocate,Gol_fatti,Gol_subiti,Rigori_parati,Rigori_sbagliati,Assist,Ammonizioni,Espulsioni,Autogol) VALUES (2764,16,8,0,0,0,1,5,0,0);
INSERT INTO Statistiche(Calciatore_Id,Partite_giocate,Gol_fatti,Gol_subiti,Rigori_parati,Rigori_sbagliati,Assist,Ammonizioni,Espulsioni,Autogol) VALUES (2766,15,3,0,0,0,0,5,0,0);
INSERT INTO Statistiche(Calciatore_Id,Partite_giocate,Gol_fatti,Gol_subiti,Rigori_parati,Rigori_sbagliati,Assist,Ammonizioni,Espulsioni,Autogol) VALUES (2769,2,0,0,0,0,0,2,0,0);
INSERT INTO Statistiche(Calciatore_Id,Partite_giocate,Gol_fatti,Gol_subiti,Rigori_parati,Rigori_sbagliati,Assist,Ammonizioni,Espulsioni,Autogol) VALUES (2770,0,0,0,0,0,0,0,0,0);
INSERT INTO Statistiche(Calciatore_Id,Partite_giocate,Gol_fatti,Gol_subiti,Rigori_parati,Rigori_sbagliati,Assist,Ammonizioni,Espulsioni,Autogol) VALUES (2771,2,0,0,0,0,0,0,0,0);
INSERT INTO Statistiche(Calciatore_Id,Partite_giocate,Gol_fatti,Gol_subiti,Rigori_parati,Rigori_sbagliati,Assist,Ammonizioni,Espulsioni,Autogol) VALUES (2772,0,0,0,0,0,0,0,0,0);
INSERT INTO Statistiche(Calciatore_Id,Partite_giocate,Gol_fatti,Gol_subiti,Rigori_parati,Rigori_sbagliati,Assist,Ammonizioni,Espulsioni,Autogol) VALUES (2773,11,1,0,0,0,0,0,0,0);
INSERT INTO Statistiche(Calciatore_Id,Partite_giocate,Gol_fatti,Gol_subiti,Rigori_parati,Rigori_sbagliati,Assist,Ammonizioni,Espulsioni,Autogol) VALUES (2775,14,1,0,0,0,2,2,0,0);
INSERT INTO Statistiche(Calciatore_Id,Partite_giocate,Gol_fatti,Gol_subiti,Rigori_parati,Rigori_sbagliati,Assist,Ammonizioni,Espulsioni,Autogol) VALUES (2776,6,0,0,0,0,0,1,0,0);
INSERT INTO Statistiche(Calciatore_Id,Partite_giocate,Gol_fatti,Gol_subiti,Rigori_parati,Rigori_sbagliati,Assist,Ammonizioni,Espulsioni,Autogol) VALUES (2779,12,3,0,0,0,0,2,1,0);
INSERT INTO Statistiche(Calciatore_Id,Partite_giocate,Gol_fatti,Gol_subiti,Rigori_parati,Rigori_sbagliati,Assist,Ammonizioni,Espulsioni,Autogol) VALUES (2780,0,0,0,0,0,0,0,0,0);
INSERT INTO Statistiche(Calciatore_Id,Partite_giocate,Gol_fatti,Gol_subiti,Rigori_parati,Rigori_sbagliati,Assist,Ammonizioni,Espulsioni,Autogol) VALUES (2781,0,0,0,0,0,0,0,0,0);
INSERT INTO Statistiche(Calciatore_Id,Partite_giocate,Gol_fatti,Gol_subiti,Rigori_parati,Rigori_sbagliati,Assist,Ammonizioni,Espulsioni,Autogol) VALUES (2783,0,0,0,0,0,0,0,0,0);
INSERT INTO Statistiche(Calciatore_Id,Partite_giocate,Gol_fatti,Gol_subiti,Rigori_parati,Rigori_sbagliati,Assist,Ammonizioni,Espulsioni,Autogol) VALUES (2784,15,0,0,0,0,0,4,0,0);
INSERT INTO Statistiche(Calciatore_Id,Partite_giocate,Gol_fatti,Gol_subiti,Rigori_parati,Rigori_sbagliati,Assist,Ammonizioni,Espulsioni,Autogol) VALUES (2787,0,0,0,0,0,0,0,0,0);
INSERT INTO Statistiche(Calciatore_Id,Partite_giocate,Gol_fatti,Gol_subiti,Rigori_parati,Rigori_sbagliati,Assist,Ammonizioni,Espulsioni,Autogol) VALUES (2788,10,1,0,0,0,0,2,1,0);
INSERT INTO Statistiche(Calciatore_Id,Partite_giocate,Gol_fatti,Gol_subiti,Rigori_parati,Rigori_sbagliati,Assist,Ammonizioni,Espulsioni,Autogol) VALUES (2789,13,0,0,0,0,1,1,0,0);
INSERT INTO Statistiche(Calciatore_Id,Partite_giocate,Gol_fatti,Gol_subiti,Rigori_parati,Rigori_sbagliati,Assist,Ammonizioni,Espulsioni,Autogol) VALUES (2790,0,0,0,0,0,0,0,0,0);
INSERT INTO Statistiche(Calciatore_Id,Partite_giocate,Gol_fatti,Gol_subiti,Rigori_parati,Rigori_sbagliati,Assist,Ammonizioni,Espulsioni,Autogol) VALUES (2792,16,0,27,1,0,0,0,0,0);
INSERT INTO Statistiche(Calciatore_Id,Partite_giocate,Gol_fatti,Gol_subiti,Rigori_parati,Rigori_sbagliati,Assist,Ammonizioni,Espulsioni,Autogol) VALUES (2793,7,0,0,0,0,0,1,1,0);
INSERT INTO Statistiche(Calciatore_Id,Partite_giocate,Gol_fatti,Gol_subiti,Rigori_parati,Rigori_sbagliati,Assist,Ammonizioni,Espulsioni,Autogol) VALUES (2794,0,0,0,0,0,0,0,0,0);
INSERT INTO Statistiche(Calciatore_Id,Partite_giocate,Gol_fatti,Gol_subiti,Rigori_parati,Rigori_sbagliati,Assist,Ammonizioni,Espulsioni,Autogol) VALUES (2795,6,0,0,0,0,0,0,0,0);
INSERT INTO Statistiche(Calciatore_Id,Partite_giocate,Gol_fatti,Gol_subiti,Rigori_parati,Rigori_sbagliati,Assist,Ammonizioni,Espulsioni,Autogol) VALUES (2798,0,0,0,0,0,0,0,0,0);
INSERT INTO Statistiche(Calciatore_Id,Partite_giocate,Gol_fatti,Gol_subiti,Rigori_parati,Rigori_sbagliati,Assist,Ammonizioni,Espulsioni,Autogol) VALUES (2801,16,1,0,0,0,0,3,0,0);
INSERT INTO Statistiche(Calciatore_Id,Partite_giocate,Gol_fatti,Gol_subiti,Rigori_parati,Rigori_sbagliati,Assist,Ammonizioni,Espulsioni,Autogol) VALUES (2802,16,1,0,0,0,0,4,0,0);
INSERT INTO Statistiche(Calciatore_Id,Partite_giocate,Gol_fatti,Gol_subiti,Rigori_parati,Rigori_sbagliati,Assist,Ammonizioni,Espulsioni,Autogol) VALUES (2804,8,0,0,0,0,1,2,0,0);
INSERT INTO Statistiche(Calciatore_Id,Partite_giocate,Gol_fatti,Gol_subiti,Rigori_parati,Rigori_sbagliati,Assist,Ammonizioni,Espulsioni,Autogol) VALUES (2805,0,0,0,0,0,0,0,0,0);
INSERT INTO Statistiche(Calciatore_Id,Partite_giocate,Gol_fatti,Gol_subiti,Rigori_parati,Rigori_sbagliati,Assist,Ammonizioni,Espulsioni,Autogol) VALUES (2807,0,0,0,0,0,0,0,0,0);
INSERT INTO Statistiche(Calciatore_Id,Partite_giocate,Gol_fatti,Gol_subiti,Rigori_parati,Rigori_sbagliati,Assist,Ammonizioni,Espulsioni,Autogol) VALUES (2808,0,0,0,0,0,0,0,0,0);
INSERT INTO Statistiche(Calciatore_Id,Partite_giocate,Gol_fatti,Gol_subiti,Rigori_parati,Rigori_sbagliati,Assist,Ammonizioni,Espulsioni,Autogol) VALUES (2809,0,0,0,0,0,0,0,0,0);
INSERT INTO Statistiche(Calciatore_Id,Partite_giocate,Gol_fatti,Gol_subiti,Rigori_parati,Rigori_sbagliati,Assist,Ammonizioni,Espulsioni,Autogol) VALUES (2815,0,0,0,0,0,0,0,0,0);
INSERT INTO Statistiche(Calciatore_Id,Partite_giocate,Gol_fatti,Gol_subiti,Rigori_parati,Rigori_sbagliati,Assist,Ammonizioni,Espulsioni,Autogol) VALUES (2816,15,1,0,0,0,1,3,0,0);
INSERT INTO Statistiche(Calciatore_Id,Partite_giocate,Gol_fatti,Gol_subiti,Rigori_parati,Rigori_sbagliati,Assist,Ammonizioni,Espulsioni,Autogol) VALUES (2818,11,0,0,0,0,0,7,0,0);
INSERT INTO Statistiche(Calciatore_Id,Partite_giocate,Gol_fatti,Gol_subiti,Rigori_parati,Rigori_sbagliati,Assist,Ammonizioni,Espulsioni,Autogol) VALUES (2819,14,8,0,0,0,3,2,0,0);
INSERT INTO Statistiche(Calciatore_Id,Partite_giocate,Gol_fatti,Gol_subiti,Rigori_parati,Rigori_sbagliati,Assist,Ammonizioni,Espulsioni,Autogol) VALUES (2825,5,0,0,0,0,0,1,0,1);
INSERT INTO Statistiche(Calciatore_Id,Partite_giocate,Gol_fatti,Gol_subiti,Rigori_parati,Rigori_sbagliati,Assist,Ammonizioni,Espulsioni,Autogol) VALUES (2826,9,1,0,0,0,0,1,0,0);
INSERT INTO Statistiche(Calciatore_Id,Partite_giocate,Gol_fatti,Gol_subiti,Rigori_parati,Rigori_sbagliati,Assist,Ammonizioni,Espulsioni,Autogol) VALUES (2828,0,0,0,0,0,0,0,0,0);
INSERT INTO Statistiche(Calciatore_Id,Partite_giocate,Gol_fatti,Gol_subiti,Rigori_parati,Rigori_sbagliati,Assist,Ammonizioni,Espulsioni,Autogol) VALUES (2832,15,4,0,0,0,1,0,0,0);
INSERT INTO Statistiche(Calciatore_Id,Partite_giocate,Gol_fatti,Gol_subiti,Rigori_parati,Rigori_sbagliati,Assist,Ammonizioni,Espulsioni,Autogol) VALUES (2833,16,4,0,0,0,6,2,0,0);
INSERT INTO Statistiche(Calciatore_Id,Partite_giocate,Gol_fatti,Gol_subiti,Rigori_parati,Rigori_sbagliati,Assist,Ammonizioni,Espulsioni,Autogol) VALUES (2835,1,0,0,0,0,0,0,0,0);
INSERT INTO Statistiche(Calciatore_Id,Partite_giocate,Gol_fatti,Gol_subiti,Rigori_parati,Rigori_sbagliati,Assist,Ammonizioni,Espulsioni,Autogol) VALUES (2836,12,0,12,0,0,0,0,1,0);
INSERT INTO Statistiche(Calciatore_Id,Partite_giocate,Gol_fatti,Gol_subiti,Rigori_parati,Rigori_sbagliati,Assist,Ammonizioni,Espulsioni,Autogol) VALUES (2839,8,0,0,0,0,0,2,0,0);
INSERT INTO Statistiche(Calciatore_Id,Partite_giocate,Gol_fatti,Gol_subiti,Rigori_parati,Rigori_sbagliati,Assist,Ammonizioni,Espulsioni,Autogol) VALUES (2841,12,3,0,0,0,0,1,0,0);
INSERT INTO Statistiche(Calciatore_Id,Partite_giocate,Gol_fatti,Gol_subiti,Rigori_parati,Rigori_sbagliati,Assist,Ammonizioni,Espulsioni,Autogol) VALUES (2844,0,0,0,0,0,0,0,0,0);
INSERT INTO Statistiche(Calciatore_Id,Partite_giocate,Gol_fatti,Gol_subiti,Rigori_parati,Rigori_sbagliati,Assist,Ammonizioni,Espulsioni,Autogol) VALUES (2852,0,0,0,0,0,0,0,0,0);
INSERT INTO Statistiche(Calciatore_Id,Partite_giocate,Gol_fatti,Gol_subiti,Rigori_parati,Rigori_sbagliati,Assist,Ammonizioni,Espulsioni,Autogol) VALUES (2853,4,0,0,0,0,0,0,0,0);
INSERT INTO Statistiche(Calciatore_Id,Partite_giocate,Gol_fatti,Gol_subiti,Rigori_parati,Rigori_sbagliati,Assist,Ammonizioni,Espulsioni,Autogol) VALUES (2854,0,0,0,0,0,0,0,0,0);
INSERT INTO Statistiche(Calciatore_Id,Partite_giocate,Gol_fatti,Gol_subiti,Rigori_parati,Rigori_sbagliati,Assist,Ammonizioni,Espulsioni,Autogol) VALUES (2855,14,0,0,0,0,1,5,1,0);
INSERT INTO Statistiche(Calciatore_Id,Partite_giocate,Gol_fatti,Gol_subiti,Rigori_parati,Rigori_sbagliati,Assist,Ammonizioni,Espulsioni,Autogol) VALUES (2857,14,2,0,0,0,1,1,0,0);
INSERT INTO Statistiche(Calciatore_Id,Partite_giocate,Gol_fatti,Gol_subiti,Rigori_parati,Rigori_sbagliati,Assist,Ammonizioni,Espulsioni,Autogol) VALUES (2860,3,0,0,0,0,0,0,0,0);
INSERT INTO Statistiche(Calciatore_Id,Partite_giocate,Gol_fatti,Gol_subiti,Rigori_parati,Rigori_sbagliati,Assist,Ammonizioni,Espulsioni,Autogol) VALUES (2865,13,0,0,0,0,0,4,0,0);
INSERT INTO Statistiche(Calciatore_Id,Partite_giocate,Gol_fatti,Gol_subiti,Rigori_parati,Rigori_sbagliati,Assist,Ammonizioni,Espulsioni,Autogol) VALUES (2868,8,0,0,0,0,1,2,0,0);
INSERT INTO Statistiche(Calciatore_Id,Partite_giocate,Gol_fatti,Gol_subiti,Rigori_parati,Rigori_sbagliati,Assist,Ammonizioni,Espulsioni,Autogol) VALUES (2869,7,0,0,0,0,0,0,0,0);
INSERT INTO Statistiche(Calciatore_Id,Partite_giocate,Gol_fatti,Gol_subiti,Rigori_parati,Rigori_sbagliati,Assist,Ammonizioni,Espulsioni,Autogol) VALUES (2870,14,0,0,0,0,0,2,0,0);
INSERT INTO Statistiche(Calciatore_Id,Partite_giocate,Gol_fatti,Gol_subiti,Rigori_parati,Rigori_sbagliati,Assist,Ammonizioni,Espulsioni,Autogol) VALUES (2871,13,0,0,0,0,0,2,0,0);
INSERT INTO Statistiche(Calciatore_Id,Partite_giocate,Gol_fatti,Gol_subiti,Rigori_parati,Rigori_sbagliati,Assist,Ammonizioni,Espulsioni,Autogol) VALUES (2873,5,0,0,0,0,0,1,0,0);
INSERT INTO Statistiche(Calciatore_Id,Partite_giocate,Gol_fatti,Gol_subiti,Rigori_parati,Rigori_sbagliati,Assist,Ammonizioni,Espulsioni,Autogol) VALUES (4228,8,0,0,0,0,0,0,0,0);
INSERT INTO Statistiche(Calciatore_Id,Partite_giocate,Gol_fatti,Gol_subiti,Rigori_parati,Rigori_sbagliati,Assist,Ammonizioni,Espulsioni,Autogol) VALUES (4237,8,1,0,0,0,0,0,0,0);
INSERT INTO Statistiche(Calciatore_Id,Partite_giocate,Gol_fatti,Gol_subiti,Rigori_parati,Rigori_sbagliati,Assist,Ammonizioni,Espulsioni,Autogol) VALUES (4245,11,2,0,0,0,1,1,0,0);
INSERT INTO Statistiche(Calciatore_Id,Partite_giocate,Gol_fatti,Gol_subiti,Rigori_parati,Rigori_sbagliati,Assist,Ammonizioni,Espulsioni,Autogol) VALUES (4292,13,4,0,0,0,0,5,0,1);
INSERT INTO Statistiche(Calciatore_Id,Partite_giocate,Gol_fatti,Gol_subiti,Rigori_parati,Rigori_sbagliati,Assist,Ammonizioni,Espulsioni,Autogol) VALUES (4302,0,0,0,0,0,0,0,0,0);
INSERT INTO Statistiche(Calciatore_Id,Partite_giocate,Gol_fatti,Gol_subiti,Rigori_parati,Rigori_sbagliati,Assist,Ammonizioni,Espulsioni,Autogol) VALUES (4307,14,0,0,0,0,1,7,0,0);
INSERT INTO Statistiche(Calciatore_Id,Partite_giocate,Gol_fatti,Gol_subiti,Rigori_parati,Rigori_sbagliati,Assist,Ammonizioni,Espulsioni,Autogol) VALUES (4322,13,0,0,0,0,1,5,0,0);
INSERT INTO Statistiche(Calciatore_Id,Partite_giocate,Gol_fatti,Gol_subiti,Rigori_parati,Rigori_sbagliati,Assist,Ammonizioni,Espulsioni,Autogol) VALUES (4324,12,3,0,0,0,1,6,0,0);
INSERT INTO Statistiche(Calciatore_Id,Partite_giocate,Gol_fatti,Gol_subiti,Rigori_parati,Rigori_sbagliati,Assist,Ammonizioni,Espulsioni,Autogol) VALUES (4325,0,0,0,0,0,0,0,0,0);
INSERT INTO Statistiche(Calciatore_Id,Partite_giocate,Gol_fatti,Gol_subiti,Rigori_parati,Rigori_sbagliati,Assist,Ammonizioni,Espulsioni,Autogol) VALUES (4327,6,1,0,0,0,0,1,0,0);
INSERT INTO Statistiche(Calciatore_Id,Partite_giocate,Gol_fatti,Gol_subiti,Rigori_parati,Rigori_sbagliati,Assist,Ammonizioni,Espulsioni,Autogol) VALUES (4330,11,0,0,0,0,0,3,0,0);
INSERT INTO Statistiche(Calciatore_Id,Partite_giocate,Gol_fatti,Gol_subiti,Rigori_parati,Rigori_sbagliati,Assist,Ammonizioni,Espulsioni,Autogol) VALUES (4331,0,0,0,0,0,0,0,0,0);
INSERT INTO Statistiche(Calciatore_Id,Partite_giocate,Gol_fatti,Gol_subiti,Rigori_parati,Rigori_sbagliati,Assist,Ammonizioni,Espulsioni,Autogol) VALUES (4332,3,0,0,0,0,1,1,0,0);
INSERT INTO Statistiche(Calciatore_Id,Partite_giocate,Gol_fatti,Gol_subiti,Rigori_parati,Rigori_sbagliati,Assist,Ammonizioni,Espulsioni,Autogol) VALUES (4333,0,0,0,0,0,0,0,0,0);
INSERT INTO Statistiche(Calciatore_Id,Partite_giocate,Gol_fatti,Gol_subiti,Rigori_parati,Rigori_sbagliati,Assist,Ammonizioni,Espulsioni,Autogol) VALUES (4338,5,0,0,0,0,0,1,0,0);
INSERT INTO Statistiche(Calciatore_Id,Partite_giocate,Gol_fatti,Gol_subiti,Rigori_parati,Rigori_sbagliati,Assist,Ammonizioni,Espulsioni,Autogol) VALUES (4346,2,0,0,0,0,0,0,0,0);
INSERT INTO Statistiche(Calciatore_Id,Partite_giocate,Gol_fatti,Gol_subiti,Rigori_parati,Rigori_sbagliati,Assist,Ammonizioni,Espulsioni,Autogol) VALUES (4349,0,0,0,0,0,0,0,0,0);
INSERT INTO Statistiche(Calciatore_Id,Partite_giocate,Gol_fatti,Gol_subiti,Rigori_parati,Rigori_sbagliati,Assist,Ammonizioni,Espulsioni,Autogol) VALUES (4351,0,0,0,0,0,0,0,0,0);
INSERT INTO Statistiche(Calciatore_Id,Partite_giocate,Gol_fatti,Gol_subiti,Rigori_parati,Rigori_sbagliati,Assist,Ammonizioni,Espulsioni,Autogol) VALUES (4353,0,0,0,0,0,0,0,0,0);
INSERT INTO Statistiche(Calciatore_Id,Partite_giocate,Gol_fatti,Gol_subiti,Rigori_parati,Rigori_sbagliati,Assist,Ammonizioni,Espulsioni,Autogol) VALUES (4359,0,0,0,0,0,0,0,0,0);
INSERT INTO Statistiche(Calciatore_Id,Partite_giocate,Gol_fatti,Gol_subiti,Rigori_parati,Rigori_sbagliati,Assist,Ammonizioni,Espulsioni,Autogol) VALUES (4362,0,0,0,0,0,0,0,0,0);
INSERT INTO Statistiche(Calciatore_Id,Partite_giocate,Gol_fatti,Gol_subiti,Rigori_parati,Rigori_sbagliati,Assist,Ammonizioni,Espulsioni,Autogol) VALUES (4364,0,0,0,0,0,0,0,0,0);
INSERT INTO Statistiche(Calciatore_Id,Partite_giocate,Gol_fatti,Gol_subiti,Rigori_parati,Rigori_sbagliati,Assist,Ammonizioni,Espulsioni,Autogol) VALUES (4365,0,0,0,0,0,0,0,0,0);
INSERT INTO Statistiche(Calciatore_Id,Partite_giocate,Gol_fatti,Gol_subiti,Rigori_parati,Rigori_sbagliati,Assist,Ammonizioni,Espulsioni,Autogol) VALUES (4368,0,0,0,0,0,0,0,0,0);
INSERT INTO Statistiche(Calciatore_Id,Partite_giocate,Gol_fatti,Gol_subiti,Rigori_parati,Rigori_sbagliati,Assist,Ammonizioni,Espulsioni,Autogol) VALUES (4370,0,0,0,0,0,0,0,0,0);
INSERT INTO Statistiche(Calciatore_Id,Partite_giocate,Gol_fatti,Gol_subiti,Rigori_parati,Rigori_sbagliati,Assist,Ammonizioni,Espulsioni,Autogol) VALUES (4371,2,0,0,0,0,0,0,0,0);
INSERT INTO Statistiche(Calciatore_Id,Partite_giocate,Gol_fatti,Gol_subiti,Rigori_parati,Rigori_sbagliati,Assist,Ammonizioni,Espulsioni,Autogol) VALUES (4373,13,0,0,0,0,1,3,1,0);
INSERT INTO Statistiche(Calciatore_Id,Partite_giocate,Gol_fatti,Gol_subiti,Rigori_parati,Rigori_sbagliati,Assist,Ammonizioni,Espulsioni,Autogol) VALUES (4374,0,0,0,0,0,0,0,0,0);
INSERT INTO Statistiche(Calciatore_Id,Partite_giocate,Gol_fatti,Gol_subiti,Rigori_parati,Rigori_sbagliati,Assist,Ammonizioni,Espulsioni,Autogol) VALUES (4375,0,0,0,0,0,0,0,0,0);
INSERT INTO Statistiche(Calciatore_Id,Partite_giocate,Gol_fatti,Gol_subiti,Rigori_parati,Rigori_sbagliati,Assist,Ammonizioni,Espulsioni,Autogol) VALUES (4376,2,0,0,0,0,0,0,0,0);
INSERT INTO Statistiche(Calciatore_Id,Partite_giocate,Gol_fatti,Gol_subiti,Rigori_parati,Rigori_sbagliati,Assist,Ammonizioni,Espulsioni,Autogol) VALUES (4377,15,3,0,0,0,2,6,0,0);
INSERT INTO Statistiche(Calciatore_Id,Partite_giocate,Gol_fatti,Gol_subiti,Rigori_parati,Rigori_sbagliati,Assist,Ammonizioni,Espulsioni,Autogol) VALUES (4378,3,0,0,0,0,0,0,1,0);
INSERT INTO Statistiche(Calciatore_Id,Partite_giocate,Gol_fatti,Gol_subiti,Rigori_parati,Rigori_sbagliati,Assist,Ammonizioni,Espulsioni,Autogol) VALUES (4379,0,0,0,0,0,0,0,0,0);
INSERT INTO Statistiche(Calciatore_Id,Partite_giocate,Gol_fatti,Gol_subiti,Rigori_parati,Rigori_sbagliati,Assist,Ammonizioni,Espulsioni,Autogol) VALUES (4380,0,0,0,0,0,0,0,0,0);
INSERT INTO Statistiche(Calciatore_Id,Partite_giocate,Gol_fatti,Gol_subiti,Rigori_parati,Rigori_sbagliati,Assist,Ammonizioni,Espulsioni,Autogol) VALUES (4381,3,0,0,0,0,0,0,0,0);
INSERT INTO Statistiche(Calciatore_Id,Partite_giocate,Gol_fatti,Gol_subiti,Rigori_parati,Rigori_sbagliati,Assist,Ammonizioni,Espulsioni,Autogol) VALUES (4383,0,0,0,0,0,0,0,0,0);
INSERT INTO Statistiche(Calciatore_Id,Partite_giocate,Gol_fatti,Gol_subiti,Rigori_parati,Rigori_sbagliati,Assist,Ammonizioni,Espulsioni,Autogol) VALUES (4384,2,0,0,0,0,0,0,0,0);
INSERT INTO Statistiche(Calciatore_Id,Partite_giocate,Gol_fatti,Gol_subiti,Rigori_parati,Rigori_sbagliati,Assist,Ammonizioni,Espulsioni,Autogol) VALUES (4385,5,0,0,0,0,1,2,0,0);
INSERT INTO Statistiche(Calciatore_Id,Partite_giocate,Gol_fatti,Gol_subiti,Rigori_parati,Rigori_sbagliati,Assist,Ammonizioni,Espulsioni,Autogol) VALUES (4386,0,0,0,0,0,0,0,0,0);
INSERT INTO Statistiche(Calciatore_Id,Partite_giocate,Gol_fatti,Gol_subiti,Rigori_parati,Rigori_sbagliati,Assist,Ammonizioni,Espulsioni,Autogol) VALUES (4387,0,0,0,0,0,0,0,0,0);
INSERT INTO Statistiche(Calciatore_Id,Partite_giocate,Gol_fatti,Gol_subiti,Rigori_parati,Rigori_sbagliati,Assist,Ammonizioni,Espulsioni,Autogol) VALUES (4388,1,0,0,0,0,0,0,0,0);
INSERT INTO Statistiche(Calciatore_Id,Partite_giocate,Gol_fatti,Gol_subiti,Rigori_parati,Rigori_sbagliati,Assist,Ammonizioni,Espulsioni,Autogol) VALUES (4389,1,0,0,0,0,0,0,0,0);
INSERT INTO Statistiche(Calciatore_Id,Partite_giocate,Gol_fatti,Gol_subiti,Rigori_parati,Rigori_sbagliati,Assist,Ammonizioni,Espulsioni,Autogol) VALUES (4390,0,0,0,0,0,0,0,0,0);
INSERT INTO Statistiche(Calciatore_Id,Partite_giocate,Gol_fatti,Gol_subiti,Rigori_parati,Rigori_sbagliati,Assist,Ammonizioni,Espulsioni,Autogol) VALUES (4391,0,0,0,0,0,0,0,0,0);
INSERT INTO Statistiche(Calciatore_Id,Partite_giocate,Gol_fatti,Gol_subiti,Rigori_parati,Rigori_sbagliati,Assist,Ammonizioni,Espulsioni,Autogol) VALUES (4392,0,0,0,0,0,0,0,0,0);
INSERT INTO Statistiche(Calciatore_Id,Partite_giocate,Gol_fatti,Gol_subiti,Rigori_parati,Rigori_sbagliati,Assist,Ammonizioni,Espulsioni,Autogol) VALUES (4393,5,0,0,0,0,0,1,0,0);
INSERT INTO Statistiche(Calciatore_Id,Partite_giocate,Gol_fatti,Gol_subiti,Rigori_parati,Rigori_sbagliati,Assist,Ammonizioni,Espulsioni,Autogol) VALUES (4397,2,0,0,0,0,0,0,0,0);
INSERT INTO Statistiche(Calciatore_Id,Partite_giocate,Gol_fatti,Gol_subiti,Rigori_parati,Rigori_sbagliati,Assist,Ammonizioni,Espulsioni,Autogol) VALUES (4398,3,0,0,0,0,0,0,0,0);
INSERT INTO Statistiche(Calciatore_Id,Partite_giocate,Gol_fatti,Gol_subiti,Rigori_parati,Rigori_sbagliati,Assist,Ammonizioni,Espulsioni,Autogol) VALUES (4399,2,0,0,0,0,0,0,0,0);
INSERT INTO Statistiche(Calciatore_Id,Partite_giocate,Gol_fatti,Gol_subiti,Rigori_parati,Rigori_sbagliati,Assist,Ammonizioni,Espulsioni,Autogol) VALUES (4400,11,0,0,0,0,2,2,0,0);
INSERT INTO Statistiche(Calciatore_Id,Partite_giocate,Gol_fatti,Gol_subiti,Rigori_parati,Rigori_sbagliati,Assist,Ammonizioni,Espulsioni,Autogol) VALUES (4401,0,0,0,0,0,0,0,0,0);
INSERT INTO Statistiche(Calciatore_Id,Partite_giocate,Gol_fatti,Gol_subiti,Rigori_parati,Rigori_sbagliati,Assist,Ammonizioni,Espulsioni,Autogol) VALUES (4403,3,0,0,0,0,0,1,0,0);
INSERT INTO Statistiche(Calciatore_Id,Partite_giocate,Gol_fatti,Gol_subiti,Rigori_parati,Rigori_sbagliati,Assist,Ammonizioni,Espulsioni,Autogol) VALUES (4404,6,0,0,0,0,0,1,0,0);
INSERT INTO Statistiche(Calciatore_Id,Partite_giocate,Gol_fatti,Gol_subiti,Rigori_parati,Rigori_sbagliati,Assist,Ammonizioni,Espulsioni,Autogol) VALUES (4405,0,0,0,0,0,0,0,0,0);
INSERT INTO Statistiche(Calciatore_Id,Partite_giocate,Gol_fatti,Gol_subiti,Rigori_parati,Rigori_sbagliati,Assist,Ammonizioni,Espulsioni,Autogol) VALUES (4406,2,0,0,0,0,0,0,0,0);
INSERT INTO Statistiche(Calciatore_Id,Partite_giocate,Gol_fatti,Gol_subiti,Rigori_parati,Rigori_sbagliati,Assist,Ammonizioni,Espulsioni,Autogol) VALUES (4407,12,0,0,0,0,1,6,0,0);
INSERT INTO Statistiche(Calciatore_Id,Partite_giocate,Gol_fatti,Gol_subiti,Rigori_parati,Rigori_sbagliati,Assist,Ammonizioni,Espulsioni,Autogol) VALUES (4409,16,0,0,0,0,0,1,0,0);
INSERT INTO Statistiche(Calciatore_Id,Partite_giocate,Gol_fatti,Gol_subiti,Rigori_parati,Rigori_sbagliati,Assist,Ammonizioni,Espulsioni,Autogol) VALUES (4410,0,0,0,0,0,0,0,0,0);
INSERT INTO Statistiche(Calciatore_Id,Partite_giocate,Gol_fatti,Gol_subiti,Rigori_parati,Rigori_sbagliati,Assist,Ammonizioni,Espulsioni,Autogol) VALUES (4411,1,0,0,0,0,0,0,0,0);
INSERT INTO Statistiche(Calciatore_Id,Partite_giocate,Gol_fatti,Gol_subiti,Rigori_parati,Rigori_sbagliati,Assist,Ammonizioni,Espulsioni,Autogol) VALUES (4412,13,1,0,0,0,0,5,0,0);
INSERT INTO Statistiche(Calciatore_Id,Partite_giocate,Gol_fatti,Gol_subiti,Rigori_parati,Rigori_sbagliati,Assist,Ammonizioni,Espulsioni,Autogol) VALUES (4413,10,0,0,0,0,0,2,0,0);
INSERT INTO Statistiche(Calciatore_Id,Partite_giocate,Gol_fatti,Gol_subiti,Rigori_parati,Rigori_sbagliati,Assist,Ammonizioni,Espulsioni,Autogol) VALUES (4414,11,0,0,0,0,0,4,0,0);
INSERT INTO Statistiche(Calciatore_Id,Partite_giocate,Gol_fatti,Gol_subiti,Rigori_parati,Rigori_sbagliati,Assist,Ammonizioni,Espulsioni,Autogol) VALUES (4415,11,1,0,0,0,0,2,0,0);
INSERT INTO Statistiche(Calciatore_Id,Partite_giocate,Gol_fatti,Gol_subiti,Rigori_parati,Rigori_sbagliati,Assist,Ammonizioni,Espulsioni,Autogol) VALUES (4419,15,0,16,0,0,0,0,0,0);
INSERT INTO Statistiche(Calciatore_Id,Partite_giocate,Gol_fatti,Gol_subiti,Rigori_parati,Rigori_sbagliati,Assist,Ammonizioni,Espulsioni,Autogol) VALUES (4420,5,0,0,0,0,0,2,0,0);
INSERT INTO Statistiche(Calciatore_Id,Partite_giocate,Gol_fatti,Gol_subiti,Rigori_parati,Rigori_sbagliati,Assist,Ammonizioni,Espulsioni,Autogol) VALUES (4421,2,0,0,0,0,0,0,0,0);
INSERT INTO Statistiche(Calciatore_Id,Partite_giocate,Gol_fatti,Gol_subiti,Rigori_parati,Rigori_sbagliati,Assist,Ammonizioni,Espulsioni,Autogol) VALUES (4422,11,0,0,0,0,1,4,0,0);
INSERT INTO Statistiche(Calciatore_Id,Partite_giocate,Gol_fatti,Gol_subiti,Rigori_parati,Rigori_sbagliati,Assist,Ammonizioni,Espulsioni,Autogol) VALUES (4423,15,0,0,0,0,2,5,0,0);
INSERT INTO Statistiche(Calciatore_Id,Partite_giocate,Gol_fatti,Gol_subiti,Rigori_parati,Rigori_sbagliati,Assist,Ammonizioni,Espulsioni,Autogol) VALUES (4424,6,0,0,0,0,1,0,0,0);
INSERT INTO Statistiche(Calciatore_Id,Partite_giocate,Gol_fatti,Gol_subiti,Rigori_parati,Rigori_sbagliati,Assist,Ammonizioni,Espulsioni,Autogol) VALUES (4425,13,0,24,1,0,0,1,0,0);
INSERT INTO Statistiche(Calciatore_Id,Partite_giocate,Gol_fatti,Gol_subiti,Rigori_parati,Rigori_sbagliati,Assist,Ammonizioni,Espulsioni,Autogol) VALUES (4426,15,1,0,0,0,1,5,0,0);
INSERT INTO Statistiche(Calciatore_Id,Partite_giocate,Gol_fatti,Gol_subiti,Rigori_parati,Rigori_sbagliati,Assist,Ammonizioni,Espulsioni,Autogol) VALUES (4427,13,2,0,0,0,0,3,1,0);
INSERT INTO Statistiche(Calciatore_Id,Partite_giocate,Gol_fatti,Gol_subiti,Rigori_parati,Rigori_sbagliati,Assist,Ammonizioni,Espulsioni,Autogol) VALUES (4428,13,1,0,0,0,0,2,0,0);
INSERT INTO Statistiche(Calciatore_Id,Partite_giocate,Gol_fatti,Gol_subiti,Rigori_parati,Rigori_sbagliati,Assist,Ammonizioni,Espulsioni,Autogol) VALUES (4429,13,1,0,0,0,0,2,0,1);
INSERT INTO Statistiche(Calciatore_Id,Partite_giocate,Gol_fatti,Gol_subiti,Rigori_parati,Rigori_sbagliati,Assist,Ammonizioni,Espulsioni,Autogol) VALUES (4430,0,0,0,0,0,0,0,0,0);
INSERT INTO Statistiche(Calciatore_Id,Partite_giocate,Gol_fatti,Gol_subiti,Rigori_parati,Rigori_sbagliati,Assist,Ammonizioni,Espulsioni,Autogol) VALUES (4432,0,0,0,0,0,0,0,0,0);
INSERT INTO Statistiche(Calciatore_Id,Partite_giocate,Gol_fatti,Gol_subiti,Rigori_parati,Rigori_sbagliati,Assist,Ammonizioni,Espulsioni,Autogol) VALUES (4433,0,0,0,0,0,0,0,0,0);
INSERT INTO Statistiche(Calciatore_Id,Partite_giocate,Gol_fatti,Gol_subiti,Rigori_parati,Rigori_sbagliati,Assist,Ammonizioni,Espulsioni,Autogol) VALUES (4435,1,0,0,0,0,0,0,0,0);
INSERT INTO Statistiche(Calciatore_Id,Partite_giocate,Gol_fatti,Gol_subiti,Rigori_parati,Rigori_sbagliati,Assist,Ammonizioni,Espulsioni,Autogol) VALUES (4436,0,0,0,0,0,0,0,0,0);
INSERT INTO Statistiche(Calciatore_Id,Partite_giocate,Gol_fatti,Gol_subiti,Rigori_parati,Rigori_sbagliati,Assist,Ammonizioni,Espulsioni,Autogol) VALUES (4438,0,0,0,0,0,0,0,0,0);
INSERT INTO Statistiche(Calciatore_Id,Partite_giocate,Gol_fatti,Gol_subiti,Rigori_parati,Rigori_sbagliati,Assist,Ammonizioni,Espulsioni,Autogol) VALUES (4440,3,0,4,0,0,0,0,0,0);
INSERT INTO Statistiche(Calciatore_Id,Partite_giocate,Gol_fatti,Gol_subiti,Rigori_parati,Rigori_sbagliati,Assist,Ammonizioni,Espulsioni,Autogol) VALUES (4441,0,0,0,0,0,0,0,0,0);
INSERT INTO Statistiche(Calciatore_Id,Partite_giocate,Gol_fatti,Gol_subiti,Rigori_parati,Rigori_sbagliati,Assist,Ammonizioni,Espulsioni,Autogol) VALUES (4442,15,1,0,0,0,0,5,0,0);
INSERT INTO Statistiche(Calciatore_Id,Partite_giocate,Gol_fatti,Gol_subiti,Rigori_parati,Rigori_sbagliati,Assist,Ammonizioni,Espulsioni,Autogol) VALUES (4443,1,0,0,0,0,0,0,0,0);
INSERT INTO Statistiche(Calciatore_Id,Partite_giocate,Gol_fatti,Gol_subiti,Rigori_parati,Rigori_sbagliati,Assist,Ammonizioni,Espulsioni,Autogol) VALUES (4444,0,0,0,0,0,0,0,0,0);
INSERT INTO Statistiche(Calciatore_Id,Partite_giocate,Gol_fatti,Gol_subiti,Rigori_parati,Rigori_sbagliati,Assist,Ammonizioni,Espulsioni,Autogol) VALUES (4445,16,0,0,0,0,1,3,0,0);
INSERT INTO Statistiche(Calciatore_Id,Partite_giocate,Gol_fatti,Gol_subiti,Rigori_parati,Rigori_sbagliati,Assist,Ammonizioni,Espulsioni,Autogol) VALUES (4447,7,0,0,0,0,0,1,0,0);
INSERT INTO Statistiche(Calciatore_Id,Partite_giocate,Gol_fatti,Gol_subiti,Rigori_parati,Rigori_sbagliati,Assist,Ammonizioni,Espulsioni,Autogol) VALUES (4448,10,1,0,0,0,1,2,0,0);
INSERT INTO Statistiche(Calciatore_Id,Partite_giocate,Gol_fatti,Gol_subiti,Rigori_parati,Rigori_sbagliati,Assist,Ammonizioni,Espulsioni,Autogol) VALUES (4449,16,1,0,0,0,2,4,0,0);
INSERT INTO Statistiche(Calciatore_Id,Partite_giocate,Gol_fatti,Gol_subiti,Rigori_parati,Rigori_sbagliati,Assist,Ammonizioni,Espulsioni,Autogol) VALUES (4450,1,0,0,0,0,0,0,0,0);
INSERT INTO Statistiche(Calciatore_Id,Partite_giocate,Gol_fatti,Gol_subiti,Rigori_parati,Rigori_sbagliati,Assist,Ammonizioni,Espulsioni,Autogol) VALUES (4451,1,0,0,0,0,0,0,0,0);
INSERT INTO Statistiche(Calciatore_Id,Partite_giocate,Gol_fatti,Gol_subiti,Rigori_parati,Rigori_sbagliati,Assist,Ammonizioni,Espulsioni,Autogol) VALUES (4452,15,4,0,0,0,0,0,0,0);
INSERT INTO Statistiche(Calciatore_Id,Partite_giocate,Gol_fatti,Gol_subiti,Rigori_parati,Rigori_sbagliati,Assist,Ammonizioni,Espulsioni,Autogol) VALUES (4453,6,1,0,0,0,0,3,0,0);
INSERT INTO Statistiche(Calciatore_Id,Partite_giocate,Gol_fatti,Gol_subiti,Rigori_parati,Rigori_sbagliati,Assist,Ammonizioni,Espulsioni,Autogol) VALUES (4454,1,0,0,0,0,0,1,0,0);
INSERT INTO Statistiche(Calciatore_Id,Partite_giocate,Gol_fatti,Gol_subiti,Rigori_parati,Rigori_sbagliati,Assist,Ammonizioni,Espulsioni,Autogol) VALUES (4455,3,1,0,0,0,0,0,0,0);
INSERT INTO Statistiche(Calciatore_Id,Partite_giocate,Gol_fatti,Gol_subiti,Rigori_parati,Rigori_sbagliati,Assist,Ammonizioni,Espulsioni,Autogol) VALUES (4456,0,0,0,0,0,0,0,0,0);
INSERT INTO Statistiche(Calciatore_Id,Partite_giocate,Gol_fatti,Gol_subiti,Rigori_parati,Rigori_sbagliati,Assist,Ammonizioni,Espulsioni,Autogol) VALUES (4458,0,0,0,0,0,0,0,0,0);
INSERT INTO Statistiche(Calciatore_Id,Partite_giocate,Gol_fatti,Gol_subiti,Rigori_parati,Rigori_sbagliati,Assist,Ammonizioni,Espulsioni,Autogol) VALUES (4459,0,0,0,0,0,0,0,0,0);
INSERT INTO Statistiche(Calciatore_Id,Partite_giocate,Gol_fatti,Gol_subiti,Rigori_parati,Rigori_sbagliati,Assist,Ammonizioni,Espulsioni,Autogol) VALUES (4460,0,0,0,0,0,0,0,0,0);
INSERT INTO Statistiche(Calciatore_Id,Partite_giocate,Gol_fatti,Gol_subiti,Rigori_parati,Rigori_sbagliati,Assist,Ammonizioni,Espulsioni,Autogol) VALUES (4461,0,0,0,0,0,0,0,0,0);
INSERT INTO Statistiche(Calciatore_Id,Partite_giocate,Gol_fatti,Gol_subiti,Rigori_parati,Rigori_sbagliati,Assist,Ammonizioni,Espulsioni,Autogol) VALUES (4462,0,0,0,0,0,0,0,0,0);
INSERT INTO Statistiche(Calciatore_Id,Partite_giocate,Gol_fatti,Gol_subiti,Rigori_parati,Rigori_sbagliati,Assist,Ammonizioni,Espulsioni,Autogol) VALUES (4463,3,0,0,0,0,0,1,0,0);
INSERT INTO Statistiche(Calciatore_Id,Partite_giocate,Gol_fatti,Gol_subiti,Rigori_parati,Rigori_sbagliati,Assist,Ammonizioni,Espulsioni,Autogol) VALUES (4464,0,0,0,0,0,0,0,0,0);
INSERT INTO Statistiche(Calciatore_Id,Partite_giocate,Gol_fatti,Gol_subiti,Rigori_parati,Rigori_sbagliati,Assist,Ammonizioni,Espulsioni,Autogol) VALUES (4465,0,0,0,0,0,0,0,0,0);
INSERT INTO Statistiche(Calciatore_Id,Partite_giocate,Gol_fatti,Gol_subiti,Rigori_parati,Rigori_sbagliati,Assist,Ammonizioni,Espulsioni,Autogol) VALUES (4466,0,0,0,0,0,0,0,0,0);
INSERT INTO Statistiche(Calciatore_Id,Partite_giocate,Gol_fatti,Gol_subiti,Rigori_parati,Rigori_sbagliati,Assist,Ammonizioni,Espulsioni,Autogol) VALUES (4467,0,0,0,0,0,0,0,0,0);
INSERT INTO Statistiche(Calciatore_Id,Partite_giocate,Gol_fatti,Gol_subiti,Rigori_parati,Rigori_sbagliati,Assist,Ammonizioni,Espulsioni,Autogol) VALUES (4468,0,0,0,0,0,0,0,0,0);
INSERT INTO Statistiche(Calciatore_Id,Partite_giocate,Gol_fatti,Gol_subiti,Rigori_parati,Rigori_sbagliati,Assist,Ammonizioni,Espulsioni,Autogol) VALUES (4469,0,0,0,0,0,0,0,0,0);
INSERT INTO Statistiche(Calciatore_Id,Partite_giocate,Gol_fatti,Gol_subiti,Rigori_parati,Rigori_sbagliati,Assist,Ammonizioni,Espulsioni,Autogol) VALUES (4470,15,3,0,0,0,0,4,0,0);
INSERT INTO Statistiche(Calciatore_Id,Partite_giocate,Gol_fatti,Gol_subiti,Rigori_parati,Rigori_sbagliati,Assist,Ammonizioni,Espulsioni,Autogol) VALUES (4471,0,0,0,0,0,0,0,0,0);
INSERT INTO Statistiche(Calciatore_Id,Partite_giocate,Gol_fatti,Gol_subiti,Rigori_parati,Rigori_sbagliati,Assist,Ammonizioni,Espulsioni,Autogol) VALUES (4472,6,0,0,0,0,0,1,0,0);
INSERT INTO Statistiche(Calciatore_Id,Partite_giocate,Gol_fatti,Gol_subiti,Rigori_parati,Rigori_sbagliati,Assist,Ammonizioni,Espulsioni,Autogol) VALUES (4473,1,0,0,0,0,0,0,0,0);
INSERT INTO Statistiche(Calciatore_Id,Partite_giocate,Gol_fatti,Gol_subiti,Rigori_parati,Rigori_sbagliati,Assist,Ammonizioni,Espulsioni,Autogol) VALUES (4474,0,0,0,0,0,0,0,0,0);
INSERT INTO Statistiche(Calciatore_Id,Partite_giocate,Gol_fatti,Gol_subiti,Rigori_parati,Rigori_sbagliati,Assist,Ammonizioni,Espulsioni,Autogol) VALUES (4475,13,0,0,0,0,0,4,0,0);
INSERT INTO Statistiche(Calciatore_Id,Partite_giocate,Gol_fatti,Gol_subiti,Rigori_parati,Rigori_sbagliati,Assist,Ammonizioni,Espulsioni,Autogol) VALUES (4476,11,1,0,0,0,0,4,0,0);
INSERT INTO Statistiche(Calciatore_Id,Partite_giocate,Gol_fatti,Gol_subiti,Rigori_parati,Rigori_sbagliati,Assist,Ammonizioni,Espulsioni,Autogol) VALUES (4477,10,2,0,0,0,0,1,0,0);
INSERT INTO Statistiche(Calciatore_Id,Partite_giocate,Gol_fatti,Gol_subiti,Rigori_parati,Rigori_sbagliati,Assist,Ammonizioni,Espulsioni,Autogol) VALUES (4479,9,0,0,0,0,0,3,0,0);
INSERT INTO Statistiche(Calciatore_Id,Partite_giocate,Gol_fatti,Gol_subiti,Rigori_parati,Rigori_sbagliati,Assist,Ammonizioni,Espulsioni,Autogol) VALUES (4480,0,0,0,0,0,0,0,0,0);
INSERT INTO Statistiche(Calciatore_Id,Partite_giocate,Gol_fatti,Gol_subiti,Rigori_parati,Rigori_sbagliati,Assist,Ammonizioni,Espulsioni,Autogol) VALUES (4481,0,0,0,0,0,0,0,0,0);
INSERT INTO Statistiche(Calciatore_Id,Partite_giocate,Gol_fatti,Gol_subiti,Rigori_parati,Rigori_sbagliati,Assist,Ammonizioni,Espulsioni,Autogol) VALUES (4483,0,0,0,0,0,0,0,0,0);
INSERT INTO Statistiche(Calciatore_Id,Partite_giocate,Gol_fatti,Gol_subiti,Rigori_parati,Rigori_sbagliati,Assist,Ammonizioni,Espulsioni,Autogol) VALUES (4484,0,0,0,0,0,0,0,0,0);
INSERT INTO Statistiche(Calciatore_Id,Partite_giocate,Gol_fatti,Gol_subiti,Rigori_parati,Rigori_sbagliati,Assist,Ammonizioni,Espulsioni,Autogol) VALUES (4485,0,0,0,0,0,0,0,0,0);
INSERT INTO Statistiche(Calciatore_Id,Partite_giocate,Gol_fatti,Gol_subiti,Rigori_parati,Rigori_sbagliati,Assist,Ammonizioni,Espulsioni,Autogol) VALUES (4486,11,0,0,0,0,2,2,1,0);
INSERT INTO Statistiche(Calciatore_Id,Partite_giocate,Gol_fatti,Gol_subiti,Rigori_parati,Rigori_sbagliati,Assist,Ammonizioni,Espulsioni,Autogol) VALUES (4487,0,0,0,0,0,0,0,0,0);
INSERT INTO Statistiche(Calciatore_Id,Partite_giocate,Gol_fatti,Gol_subiti,Rigori_parati,Rigori_sbagliati,Assist,Ammonizioni,Espulsioni,Autogol) VALUES (4488,0,0,0,0,0,0,0,0,0);
INSERT INTO Statistiche(Calciatore_Id,Partite_giocate,Gol_fatti,Gol_subiti,Rigori_parati,Rigori_sbagliati,Assist,Ammonizioni,Espulsioni,Autogol) VALUES (4489,0,0,0,0,0,0,0,0,0);
INSERT INTO Statistiche(Calciatore_Id,Partite_giocate,Gol_fatti,Gol_subiti,Rigori_parati,Rigori_sbagliati,Assist,Ammonizioni,Espulsioni,Autogol) VALUES (4490,0,0,0,0,0,0,0,0,0);
INSERT INTO Statistiche(Calciatore_Id,Partite_giocate,Gol_fatti,Gol_subiti,Rigori_parati,Rigori_sbagliati,Assist,Ammonizioni,Espulsioni,Autogol) VALUES (4491,0,0,0,0,0,0,0,0,0);
INSERT INTO Statistiche(Calciatore_Id,Partite_giocate,Gol_fatti,Gol_subiti,Rigori_parati,Rigori_sbagliati,Assist,Ammonizioni,Espulsioni,Autogol) VALUES (4492,0,0,0,0,0,0,0,0,0);
INSERT INTO Statistiche(Calciatore_Id,Partite_giocate,Gol_fatti,Gol_subiti,Rigori_parati,Rigori_sbagliati,Assist,Ammonizioni,Espulsioni,Autogol) VALUES (4493,7,0,0,0,0,0,1,2,0);
INSERT INTO Statistiche(Calciatore_Id,Partite_giocate,Gol_fatti,Gol_subiti,Rigori_parati,Rigori_sbagliati,Assist,Ammonizioni,Espulsioni,Autogol) VALUES (4494,3,0,0,0,0,0,1,0,0);
INSERT INTO Statistiche(Calciatore_Id,Partite_giocate,Gol_fatti,Gol_subiti,Rigori_parati,Rigori_sbagliati,Assist,Ammonizioni,Espulsioni,Autogol) VALUES (4495,10,1,0,0,0,0,3,1,0);
INSERT INTO Statistiche(Calciatore_Id,Partite_giocate,Gol_fatti,Gol_subiti,Rigori_parati,Rigori_sbagliati,Assist,Ammonizioni,Espulsioni,Autogol) VALUES (4496,2,0,0,0,0,0,0,0,0);
INSERT INTO Statistiche(Calciatore_Id,Partite_giocate,Gol_fatti,Gol_subiti,Rigori_parati,Rigori_sbagliati,Assist,Ammonizioni,Espulsioni,Autogol) VALUES (4498,4,0,0,0,0,0,1,0,0);
INSERT INTO Statistiche(Calciatore_Id,Partite_giocate,Gol_fatti,Gol_subiti,Rigori_parati,Rigori_sbagliati,Assist,Ammonizioni,Espulsioni,Autogol) VALUES (4499,0,0,0,0,0,0,0,0,0);
INSERT INTO Statistiche(Calciatore_Id,Partite_giocate,Gol_fatti,Gol_subiti,Rigori_parati,Rigori_sbagliati,Assist,Ammonizioni,Espulsioni,Autogol) VALUES (4500,9,3,0,0,1,0,1,0,0);
INSERT INTO Statistiche(Calciatore_Id,Partite_giocate,Gol_fatti,Gol_subiti,Rigori_parati,Rigori_sbagliati,Assist,Ammonizioni,Espulsioni,Autogol) VALUES (4501,13,0,0,0,0,0,6,0,0);
INSERT INTO Statistiche(Calciatore_Id,Partite_giocate,Gol_fatti,Gol_subiti,Rigori_parati,Rigori_sbagliati,Assist,Ammonizioni,Espulsioni,Autogol) VALUES (4502,0,0,0,0,0,0,0,0,0);
INSERT INTO Statistiche(Calciatore_Id,Partite_giocate,Gol_fatti,Gol_subiti,Rigori_parati,Rigori_sbagliati,Assist,Ammonizioni,Espulsioni,Autogol) VALUES (4504,4,0,0,0,0,0,1,0,0);
INSERT INTO Statistiche(Calciatore_Id,Partite_giocate,Gol_fatti,Gol_subiti,Rigori_parati,Rigori_sbagliati,Assist,Ammonizioni,Espulsioni,Autogol) VALUES (4505,0,0,0,0,0,0,0,0,0);
INSERT INTO Statistiche(Calciatore_Id,Partite_giocate,Gol_fatti,Gol_subiti,Rigori_parati,Rigori_sbagliati,Assist,Ammonizioni,Espulsioni,Autogol) VALUES (4506,0,0,0,0,0,0,0,0,0);
INSERT INTO Statistiche(Calciatore_Id,Partite_giocate,Gol_fatti,Gol_subiti,Rigori_parati,Rigori_sbagliati,Assist,Ammonizioni,Espulsioni,Autogol) VALUES (4507,6,0,0,0,0,0,0,0,0);
INSERT INTO Statistiche(Calciatore_Id,Partite_giocate,Gol_fatti,Gol_subiti,Rigori_parati,Rigori_sbagliati,Assist,Ammonizioni,Espulsioni,Autogol) VALUES (4508,0,0,0,0,0,0,0,0,0);
INSERT INTO Statistiche(Calciatore_Id,Partite_giocate,Gol_fatti,Gol_subiti,Rigori_parati,Rigori_sbagliati,Assist,Ammonizioni,Espulsioni,Autogol) VALUES (4509,0,0,0,0,0,0,0,0,0);
INSERT INTO Statistiche(Calciatore_Id,Partite_giocate,Gol_fatti,Gol_subiti,Rigori_parati,Rigori_sbagliati,Assist,Ammonizioni,Espulsioni,Autogol) VALUES (4510,12,1,0,0,0,0,0,0,0);
INSERT INTO Statistiche(Calciatore_Id,Partite_giocate,Gol_fatti,Gol_subiti,Rigori_parati,Rigori_sbagliati,Assist,Ammonizioni,Espulsioni,Autogol) VALUES (4511,5,0,0,0,0,0,2,0,0);
INSERT INTO Statistiche(Calciatore_Id,Partite_giocate,Gol_fatti,Gol_subiti,Rigori_parati,Rigori_sbagliati,Assist,Ammonizioni,Espulsioni,Autogol) VALUES (4512,15,1,0,0,1,0,2,0,0);
INSERT INTO Statistiche(Calciatore_Id,Partite_giocate,Gol_fatti,Gol_subiti,Rigori_parati,Rigori_sbagliati,Assist,Ammonizioni,Espulsioni,Autogol) VALUES (4513,6,0,0,0,0,0,0,0,0);
INSERT INTO Statistiche(Calciatore_Id,Partite_giocate,Gol_fatti,Gol_subiti,Rigori_parati,Rigori_sbagliati,Assist,Ammonizioni,Espulsioni,Autogol) VALUES (4514,16,1,0,0,0,2,5,0,0);
INSERT INTO Statistiche(Calciatore_Id,Partite_giocate,Gol_fatti,Gol_subiti,Rigori_parati,Rigori_sbagliati,Assist,Ammonizioni,Espulsioni,Autogol) VALUES (4515,7,1,0,0,0,0,2,1,0);
INSERT INTO Statistiche(Calciatore_Id,Partite_giocate,Gol_fatti,Gol_subiti,Rigori_parati,Rigori_sbagliati,Assist,Ammonizioni,Espulsioni,Autogol) VALUES (4516,0,0,0,0,0,0,0,0,0);
INSERT INTO Statistiche(Calciatore_Id,Partite_giocate,Gol_fatti,Gol_subiti,Rigori_parati,Rigori_sbagliati,Assist,Ammonizioni,Espulsioni,Autogol) VALUES (4517,12,2,0,0,0,1,1,0,0);
INSERT INTO Statistiche(Calciatore_Id,Partite_giocate,Gol_fatti,Gol_subiti,Rigori_parati,Rigori_sbagliati,Assist,Ammonizioni,Espulsioni,Autogol) VALUES (4518,0,0,0,0,0,0,0,0,0);
INSERT INTO Statistiche(Calciatore_Id,Partite_giocate,Gol_fatti,Gol_subiti,Rigori_parati,Rigori_sbagliati,Assist,Ammonizioni,Espulsioni,Autogol) VALUES (4519,4,0,0,0,0,0,2,1,0);
INSERT INTO Statistiche(Calciatore_Id,Partite_giocate,Gol_fatti,Gol_subiti,Rigori_parati,Rigori_sbagliati,Assist,Ammonizioni,Espulsioni,Autogol) VALUES (4520,0,0,0,0,0,0,0,0,0);
INSERT INTO Statistiche(Calciatore_Id,Partite_giocate,Gol_fatti,Gol_subiti,Rigori_parati,Rigori_sbagliati,Assist,Ammonizioni,Espulsioni,Autogol) VALUES (4521,7,0,0,0,0,1,2,0,0);
INSERT INTO Statistiche(Calciatore_Id,Partite_giocate,Gol_fatti,Gol_subiti,Rigori_parati,Rigori_sbagliati,Assist,Ammonizioni,Espulsioni,Autogol) VALUES (4522,16,0,0,0,0,0,5,0,0);
INSERT INTO Statistiche(Calciatore_Id,Partite_giocate,Gol_fatti,Gol_subiti,Rigori_parati,Rigori_sbagliati,Assist,Ammonizioni,Espulsioni,Autogol) VALUES (4523,0,0,0,0,0,0,0,0,0);
INSERT INTO Statistiche(Calciatore_Id,Partite_giocate,Gol_fatti,Gol_subiti,Rigori_parati,Rigori_sbagliati,Assist,Ammonizioni,Espulsioni,Autogol) VALUES (4524,12,1,0,0,0,0,1,0,0);
INSERT INTO Statistiche(Calciatore_Id,Partite_giocate,Gol_fatti,Gol_subiti,Rigori_parati,Rigori_sbagliati,Assist,Ammonizioni,Espulsioni,Autogol) VALUES (4525,0,0,0,0,0,0,0,0,0);
INSERT INTO Statistiche(Calciatore_Id,Partite_giocate,Gol_fatti,Gol_subiti,Rigori_parati,Rigori_sbagliati,Assist,Ammonizioni,Espulsioni,Autogol) VALUES (4526,4,0,0,0,0,0,0,0,0);
INSERT INTO Statistiche(Calciatore_Id,Partite_giocate,Gol_fatti,Gol_subiti,Rigori_parati,Rigori_sbagliati,Assist,Ammonizioni,Espulsioni,Autogol) VALUES (4527,3,0,0,0,0,0,0,0,0);
INSERT INTO Statistiche(Calciatore_Id,Partite_giocate,Gol_fatti,Gol_subiti,Rigori_parati,Rigori_sbagliati,Assist,Ammonizioni,Espulsioni,Autogol) VALUES (4528,0,0,0,0,0,0,0,0,0);
INSERT INTO Statistiche(Calciatore_Id,Partite_giocate,Gol_fatti,Gol_subiti,Rigori_parati,Rigori_sbagliati,Assist,Ammonizioni,Espulsioni,Autogol) VALUES (4529,10,0,0,0,0,0,1,0,0);
INSERT INTO Statistiche(Calciatore_Id,Partite_giocate,Gol_fatti,Gol_subiti,Rigori_parati,Rigori_sbagliati,Assist,Ammonizioni,Espulsioni,Autogol) VALUES (4530,7,0,0,0,0,1,1,0,0);
INSERT INTO Statistiche(Calciatore_Id,Partite_giocate,Gol_fatti,Gol_subiti,Rigori_parati,Rigori_sbagliati,Assist,Ammonizioni,Espulsioni,Autogol) VALUES (4862,2,1,0,0,0,0,0,0,0);
INSERT INTO Statistiche(Calciatore_Id,Partite_giocate,Gol_fatti,Gol_subiti,Rigori_parati,Rigori_sbagliati,Assist,Ammonizioni,Espulsioni,Autogol) VALUES (4865,3,0,0,0,0,0,2,0,0);
INSERT INTO Statistiche(Calciatore_Id,Partite_giocate,Gol_fatti,Gol_subiti,Rigori_parati,Rigori_sbagliati,Assist,Ammonizioni,Espulsioni,Autogol) VALUES (4866,1,0,0,0,0,0,0,0,0);
INSERT INTO Statistiche(Calciatore_Id,Partite_giocate,Gol_fatti,Gol_subiti,Rigori_parati,Rigori_sbagliati,Assist,Ammonizioni,Espulsioni,Autogol) VALUES (4867,2,0,4,0,0,0,0,0,0);
INSERT INTO Statistiche(Calciatore_Id,Partite_giocate,Gol_fatti,Gol_subiti,Rigori_parati,Rigori_sbagliati,Assist,Ammonizioni,Espulsioni,Autogol) VALUES (4868,1,0,0,0,0,0,0,0,0);